username,name,location,company,bio,total_repos,total_stars_received,total_forks_received,avg_stars_per_repo,account_age_days,repos_per_year,followers,following,follower_ratio,h_index,impact_score,primary_languages,language_diversity,industries_served,primary_industry,has_readme_pct,has_license_pct,total_open_issues,days_since_last_push,is_active
mabelolivera10,,,,,20,74,13,3.7,1,7305.0,0,0,0,5,100,"CSS, JavaScript, HTML",3,4,J,0.0,0.0,0,436.0,False
devaige,,,,,0,0,0,0.0,1,0.0,0,0,0,0,0,,0,0,,0.0,0.0,0,,False
mriscoc,,,,,5,137,11,27.4,1,1826.25,0,0,0,3,159,"Smali, C, C++",3,1,C,0.0,1.0,0,17.0,True
apholdings,,,,,22,257,43,11.681818181818182,1,8035.5,0,0,0,9,343,"Python, JavaScript, TypeScript",4,4,J,0.0,0.22727272727272727,1,397.0,False
joelibaceta,,,,,0,0,0,0.0,1,0.0,0,0,0,0,0,,0,0,,0.0,0.0,0,,False
CodigoEstudiante,,,,,13,90,20,6.923076923076923,1,4748.25,0,0,0,6,130,"C#, JavaScript, TypeScript",4,4,J,0.0,0.6923076923076923,0,466.0,False
goandreus,,,,,1,4,0,4.0,1,365.25,0,0,0,1,4,Dart,1,1,J,0.0,0.0,0,1879.0,False
csaybar,,,,,3,24,3,8.0,1,1095.75,0,0,0,3,30,"R, Python",2,1,M,0.0,0.6666666666666666,8,363.0,False
emedinaa,,,,,2,12,1,6.0,1,730.5,0,0,0,2,14,Kotlin,1,1,J,0.0,0.0,0,1004.0,False
dcajasn,,,,,4,3834,615,958.5,1,1461.0,0,0,0,4,5064,"C++, Jupyter Notebook",2,3,K,0.0,0.5,0,8.0,True
Franklin369,,,,,11,52,13,4.7272727272727275,1,4017.75,0,0,0,4,78,JavaScript,1,4,G,0.0,0.0,0,713.0,False
carlosal1015,,,,,0,0,0,0.0,1,0.0,0,0,0,0,0,,0,0,,0.0,0.0,0,,False
BracoZS,,,,,5,26,3,5.2,1,1826.25,0,0,0,4,32,"C#, HTML, Astro",3,1,J,0.0,1.0,0,3.0,True
gustarting,,,,,3,14,0,4.666666666666667,1,1095.75,0,0,0,3,14,TypeScript,1,1,J,0.0,0.0,0,347.0,False
marco-soria,,,,,0,0,0,0.0,1,0.0,0,0,0,0,0,,0,0,,0.0,0.0,0,,False
gianbdev,,,,,0,0,0,0.0,1,0.0,0,0,0,0,0,,0,0,,0.0,0.0,0,,False
luismayta,,,,,0,0,0,0.0,1,0.0,0,0,0,0,0,,0,0,,0.0,0.0,0,,False
JkDevArg,,,,,1,3,0,3.0,1,365.25,0,0,0,1,3,Python,1,1,J,0.0,0.0,0,596.0,False
gcoronelc,,,,,1,3,0,3.0,1,365.25,0,0,0,1,3,Java,1,1,P,0.0,0.0,0,113.0,False
jorgemunozl,,,,,16,122,6,7.625,1,5844.0,0,0,0,7,134,"Jupyter Notebook, Python, Shell",6,3,M,0.0,0.1875,41,2.0,True
Anders87x,,,,,5,20,5,4.0,1,1826.25,0,0,0,3,30,"PHP, C++, JavaScript",3,2,J,0.0,0.0,1,871.0,False
ivandevp,,,,,0,0,0,0.0,1,0.0,0,0,0,0,0,,0,0,,0.0,0.0,0,,False
Rimac-Seguros,,,,,0,0,0,0.0,1,0.0,0,0,0,0,0,,0,0,,0.0,0.0,0,,False
ambarja,,,,,1,16,2,16.0,1,365.25,0,0,0,1,20,R,1,1,M,0.0,1.0,4,4.0,True
Railly,,,,,2,17,0,8.5,1,730.5,0,0,0,2,17,"TypeScript, Astro",2,2,P,0.0,0.5,0,0.0,True
brian-emarquez,,,,,0,0,0,0.0,1,0.0,0,0,0,0,0,,0,0,,0.0,0.0,0,,False
yaperos,,,,,1,17,507,17.0,1,365.25,0,0,0,1,1031,,0,1,J,0.0,0.0,71,575.0,False
marsam,,,,,1,3,2,3.0,1,365.25,0,0,0,1,7,Nix,1,1,J,0.0,1.0,2,0.0,True
KattyaCuevas,,,,,3,10,6,3.3333333333333335,1,1095.75,0,0,0,3,22,Ruby,1,2,J,0.0,0.3333333333333333,6,41.0,True
alexmarinmendez,,,,,0,0,0,0.0,1,0.0,0,0,0,0,0,,0,0,,0.0,0.0,0,,False
avelasquezn,,,,,0,0,0,0.0,1,0.0,0,0,0,0,0,,0,0,,0.0,0.0,0,,False
WelsTheory,,,,,2,44,7,22.0,1,730.5,0,0,0,2,58,"Assembly, C",2,1,C,0.0,0.5,0,890.0,False
jmcastagnetto,,,,,5,88,23,17.6,1,1826.25,0,0,0,4,134,"R, TeX",2,4,O,0.0,1.0,0,789.0,False
wajahat-ali-mir-dev,,,,,5,21,1,4.2,1,1826.25,0,0,0,3,23,"Python, JavaScript, HTML",3,2,J,0.0,0.4,1,34.0,True
marcelo-earth,,,,,1,3,0,3.0,1,365.25,0,0,0,1,3,,0,1,M,0.0,0.0,1,283.0,False
bjrmatos,,,,,0,0,0,0.0,1,0.0,0,0,0,0,0,,0,0,,0.0,0.0,0,,False
jansanchez,,,,,5,17,2,3.4,1,1826.25,0,0,0,3,21,"Makefile, Shell, JavaScript",4,1,J,0.0,0.4,0,2636.0,False
santiagourdaneta,,,,,0,0,0,0.0,1,0.0,0,0,0,0,0,,0,0,,0.0,0.0,0,,False
mario21ic,,,,,1,3,0,3.0,1,365.25,0,0,0,1,3,,0,1,J,0.0,1.0,0,183.0,False
JuanAlva,,,,,0,0,0,0.0,1,0.0,0,0,0,0,0,,0,0,,0.0,0.0,0,,False
JoseMascaros,,,,,1,7,9,7.0,1,365.25,0,0,0,1,25,C++,1,1,P,0.0,0.0,0,1352.0,False
ljporras,,,,,4,48,13,12.0,1,1461.0,0,0,0,3,74,Stata,1,3,Q,0.0,0.0,0,115.0,False
DataEngineering-LATAM,,,,,6,175,64,29.166666666666668,1,2191.5,0,0,0,6,303,"Jupyter Notebook, Python",2,3,M,0.0,0.0,0,801.0,False
jesulink2514,,,,,3,14,3,4.666666666666667,1,1095.75,0,0,0,3,20,"C#, TypeScript",2,1,J,0.0,0.0,1,1207.0,False
erickorlando,,,,,7,42,5,6.0,1,2556.75,0,0,0,3,52,C#,1,4,G,0.0,0.42857142857142855,0,187.0,False
crafter-station,,,,,11,64,6,5.818181818181818,1,4017.75,0,0,0,5,76,"TypeScript, CSS",2,3,J,0.0,0.0,22,0.0,True
geraldmoreno993,,,,,0,0,0,0.0,1,0.0,0,0,0,0,0,,0,0,,0.0,0.0,0,,False
CodigoCristo,,,,,8,352,82,44.0,1,2922.0,0,0,0,5,516,"C, Shell, HTML",4,1,J,0.0,0.0,10,1.0,True
giancorzo,,,,,1,5,0,5.0,1,365.25,0,0,0,1,5,CSS,1,1,J,0.0,0.0,0,3239.0,False
aghersidev,,,,,0,0,0,0.0,1,0.0,0,0,0,0,0,,0,0,,0.0,0.0,0,,False
GorkyFlorez,,,,,0,0,0,0.0,1,0.0,0,0,0,0,0,,0,0,,0.0,0.0,0,,False
ghondar,,,,,1,74,27,74.0,1,365.25,0,0,0,1,128,Python,1,1,J,0.0,0.0,0,192.0,False
jhony-v,,,,,1,7,0,7.0,1,365.25,0,0,0,1,7,,0,1,J,0.0,0.0,0,498.0,False
lavaldi,,,,,2,6,2,3.0,1,730.5,0,0,0,2,10,JavaScript,1,1,J,0.0,0.0,0,1431.0,False
gustavojoaquin,,,,,0,0,0,0.0,1,0.0,0,0,0,0,0,,0,0,,0.0,0.0,0,,False
rogergcc,,,,,0,0,0,0.0,1,0.0,0,0,0,0,0,,0,0,,0.0,0.0,0,,False
diegotc86,,,,,0,0,0,0.0,1,0.0,0,0,0,0,0,,0,0,,0.0,0.0,0,,False
merunga,,,,,0,0,0,0.0,1,0.0,0,0,0,0,0,,0,0,,0.0,0.0,0,,False
raymi-sm,,,,,0,0,0,0.0,1,0.0,0,0,0,0,0,,0,0,,0.0,0.0,0,,False
romelgomez,,,,,1,3,1,3.0,1,365.25,0,0,0,1,5,JavaScript,1,1,J,0.0,0.0,0,55.0,True
MistyBlunch,,,,,0,0,0,0.0,1,0.0,0,0,0,0,0,,0,0,,0.0,0.0,0,,False
Dedal0,,,,,1,3,5,3.0,1,365.25,0,0,0,1,13,CSS,1,1,J,0.0,0.0,0,4366.0,False
gflores1092,,,,,1,3,3,3.0,1,365.25,0,0,0,1,9,TeX,1,1,M,0.0,0.0,0,250.0,False
lalogf,,,,,1,3,1,3.0,1,365.25,0,0,0,1,5,,0,1,P,0.0,0.0,0,3078.0,False
Hydroenvironment,,,,,7,74,45,10.571428571428571,1,2556.75,0,0,0,5,164,"R, Python, JavaScript",3,3,M,0.0,0.5714285714285714,1,827.0,False
storres20,,,,,1,3,0,3.0,1,365.25,0,0,0,1,3,,0,1,M,0.0,0.0,0,1164.0,False
PCPUNMSM,,,,,8,160,56,20.0,1,2922.0,0,0,0,6,272,"Jupyter Notebook, HTML",2,3,M,0.0,0.25,15,1059.0,False
CarlosIgreda,,,,,16,252,3,15.75,1,5844.0,0,0,0,12,258,"JavaScript, CSS, HTML",3,3,J,0.0,0.875,2,1008.0,False
Jeyderht,,,,,4,177,65,44.25,1,1461.0,0,0,0,3,307,C#,1,1,J,0.0,0.0,1,1450.0,False
JosephLlacchua,,,,,1,3,0,3.0,1,365.25,0,0,0,1,3,Java,1,1,P,0.0,0.0,0,309.0,False
marvinjoel,,,,,0,0,0,0.0,1,0.0,0,0,0,0,0,,0,0,,0.0,0.0,0,,False
rubenpazch,,,,,1,3,0,3.0,1,365.25,0,0,0,1,3,Ruby,1,1,J,0.0,1.0,0,186.0,False
Jose-pe,,,,,0,0,0,0.0,1,0.0,0,0,0,0,0,,0,0,,0.0,0.0,0,,False
adagio,,,,,0,0,0,0.0,1,0.0,0,0,0,0,0,,0,0,,0.0,0.0,0,,False
edutrul,,,,,0,0,0,0.0,1,0.0,0,0,0,0,0,,0,0,,0.0,0.0,0,,False
sheylaPozo,,,,,8,26,0,3.25,1,2922.0,0,0,0,3,26,Ruby,1,4,J,0.0,0.75,0,1562.0,False
john-caballero,,,,,6,26,40,4.333333333333333,1,2191.5,0,0,0,4,106,"Jupyter Notebook, Python",2,4,M,0.0,0.0,1,189.0,False
SanAndr3,,,,,0,0,0,0.0,1,0.0,0,0,0,0,0,,0,0,,0.0,0.0,0,,False
xenda,,,,,1,3,1,3.0,1,365.25,0,0,0,1,5,Ruby,1,1,R,0.0,0.0,0,4793.0,False
RogerNatividad,,,,,0,0,0,0.0,1,0.0,0,0,0,0,0,,0,0,,0.0,0.0,0,,False
rafaesc,,,,,3,162,36,54.0,1,1095.75,0,0,0,3,234,"TypeScript, Vue",2,2,J,0.0,0.3333333333333333,3,2825.0,False
ArturoDeza,,,,,6,81,10,13.5,1,2191.5,0,0,0,5,101,"Matlab, Python, Lua",4,1,M,0.0,0.6666666666666666,2,1713.0,False
no6data,,,,,0,0,0,0.0,1,0.0,0,0,0,0,0,,0,0,,0.0,0.0,0,,False
juaneladio,,,,,4,102,118,25.5,1,1461.0,0,0,0,4,338,"HTML, PHP, JavaScript",3,3,H,0.0,1.0,7,1169.0,False
gnrfan,,,,,4,34,32,8.5,1,1461.0,0,0,0,4,98,Python,1,2,J,0.0,1.0,4,2451.0,False
robintux,,,,,0,0,0,0.0,1,0.0,0,0,0,0,0,,0,0,,0.0,0.0,0,,False
GeomarPerales,,,,,5,26,2,5.2,1,1826.25,0,0,0,4,30,"R, Python, MATLAB",3,2,E,0.0,0.8,0,295.0,False
lgcarlinf,,,,,0,0,0,0.0,1,0.0,0,0,0,0,0,,0,0,,0.0,0.0,0,,False
Open-Sec,,,,,2,19,11,9.5,1,730.5,0,0,0,2,41,,0,2,O,0.0,1.0,0,510.0,False
olanaso,,,,,1,10,1,10.0,1,365.25,0,0,0,1,12,JavaScript,1,1,F,0.0,0.0,1,1049.0,False
CS2031-DBP,,,,,0,0,0,0.0,1,0.0,0,0,0,0,0,,0,0,,0.0,0.0,0,,False
CoreyKaylor,,,,,5,489,101,97.8,1,1826.25,0,0,0,4,691,"C#, Lua, Go",3,1,J,0.0,0.8,3,52.0,True
JoshDev1205,,,,,0,0,0,0.0,1,0.0,0,0,0,0,0,,0,0,,0.0,0.0,0,,False
ederivero,,,,,3,10,5,3.3333333333333335,1,1095.75,0,0,0,3,20,,0,2,P,0.0,0.0,0,1107.0,False
jamesrhurtado,,,,,1,3,0,3.0,1,365.25,0,0,0,1,3,Vue,1,1,K,0.0,0.0,0,1207.0,False
yusshu,,,,,2,6,0,3.0,1,730.5,0,0,0,2,6,"JavaScript, Java",2,1,J,0.0,0.5,0,892.0,False
ernestcr,,,,,0,0,0,0.0,1,0.0,0,0,0,0,0,,0,0,,0.0,0.0,0,,False
xavimondev,,,,,13,400,39,30.76923076923077,1,4748.25,0,0,0,8,478,"TypeScript, Svelte, JavaScript",3,4,J,0.0,0.6923076923076923,1,49.0,True
jonathanchaveze,,,,,0,0,0,0.0,1,0.0,0,0,0,0,0,,0,0,,0.0,0.0,0,,False
Grazen0,,,,,0,0,0,0.0,1,0.0,0,0,0,0,0,,0,0,,0.0,0.0,0,,False
carlosgub,,,,,6,83,9,13.833333333333334,1,2191.5,0,0,0,5,101,"Kotlin, HTML",2,3,J,0.0,0.6666666666666666,2,20.0,True
JulianB0315,,,,,6,28,2,4.666666666666667,1,2191.5,0,0,0,4,32,"Python, Java, HTML",4,5,J,0.0,0.5,0,0.0,True
defunkydrummer,,,,,8,199,19,24.875,1,2922.0,0,0,0,6,237,Common Lisp,1,3,J,0.0,0.75,11,1375.0,False
bralegz,,,,,0,0,0,0.0,1,0.0,0,0,0,0,0,,0,0,,0.0,0.0,0,,False
pablodz,,,,,1,3,0,3.0,1,365.25,0,0,0,1,3,Go,1,1,J,0.0,1.0,0,65.0,True
edwinpgm,,,,,0,0,0,0.0,1,0.0,0,0,0,0,0,,0,0,,0.0,0.0,0,,False
Dav082004,,,,,3,10,23,3.3333333333333335,1,1095.75,0,0,0,3,56,"JavaScript, HTML",2,1,J,0.0,1.0,4,106.0,False
neunapp,,,,,0,0,0,0.0,1,0.0,0,0,0,0,0,,0,0,,0.0,0.0,0,,False
KatashiFukushima,,,,,1,59,33,59.0,1,365.25,0,0,0,1,125,JavaScript,1,1,J,0.0,0.0,4,10.0,True
juliocesardw,,,,,3,20,15,6.666666666666667,1,1095.75,0,0,0,3,50,"HTML, JavaScript",2,2,G,0.0,0.0,1,837.0,False
OVarLaz,,,,,0,0,0,0.0,1,0.0,0,0,0,0,0,,0,0,,0.0,0.0,0,,False
raul782,,,,,0,0,0,0.0,1,0.0,0,0,0,0,0,,0,0,,0.0,0.0,0,,False
ManuelLoaizaV,,,,,3,23,50,7.666666666666667,1,1095.75,0,0,0,3,123,"Python, C++",2,2,P,0.0,0.0,64,254.0,False
Oxicode,,,,,0,0,0,0.0,1,0.0,0,0,0,0,0,,0,0,,0.0,0.0,0,,False
ytarazona,,,,,5,232,28,46.4,1,1826.25,0,0,0,5,288,"R, Python, Jupyter Notebook",3,2,A,0.0,0.8,1,479.0,False
macespinoza,,,,,6,70,39,11.666666666666666,1,2191.5,0,0,0,5,148,"Jupyter Notebook, Python, TypeScript",4,3,J,0.0,0.0,0,66.0,True
KenyiGM,,,,,0,0,0,0.0,1,0.0,0,0,0,0,0,,0,0,,0.0,0.0,0,,False
juanpablocs,,,,,0,0,0,0.0,1,0.0,0,0,0,0,0,,0,0,,0.0,0.0,0,,False
rrivas-utec,,,,,0,0,0,0.0,1,0.0,0,0,0,0,0,,0,0,,0.0,0.0,0,,False
nelson6e65,,,,,1,3,3,3.0,1,365.25,0,0,0,1,9,TypeScript,1,1,I,0.0,1.0,2,564.0,False
heygonzalocaira,,,,,2,209,56,104.5,1,730.5,0,0,0,2,321,Dart,1,2,M,0.0,1.0,1,1619.0,False
RuthSalvador,,,,,0,0,0,0.0,1,0.0,0,0,0,0,0,,0,0,,0.0,0.0,0,,False
jchavezlavalle,,,,,0,0,0,0.0,1,0.0,0,0,0,0,0,,0,0,,0.0,0.0,0,,False
Ryzeon,,,,,0,0,0,0.0,1,0.0,0,0,0,0,0,,0,0,,0.0,0.0,0,,False
elbereth,,,,,6,281,108,46.833333333333336,1,2191.5,0,0,0,4,497,"Pascal, PHP, JavaScript",3,2,K,0.0,0.6666666666666666,134,476.0,False
UTPcursos,,,,,0,0,0,0.0,1,0.0,0,0,0,0,0,,0,0,,0.0,0.0,0,,False
CriscelyLP,,,,,0,0,0,0.0,1,0.0,0,0,0,0,0,,0,0,,0.0,0.0,0,,False
2003scott,,,,,0,0,0,0.0,1,0.0,0,0,0,0,0,,0,0,,0.0,0.0,0,,False
JaimeVirrueta,,,,,1,12,5,12.0,1,365.25,0,0,0,1,22,PHP,1,1,J,0.0,0.0,16,1164.0,False
lvaldivia,,,,,0,0,0,0.0,1,0.0,0,0,0,0,0,,0,0,,0.0,0.0,0,,False
JoanBEnd,,,,,0,0,0,0.0,1,0.0,0,0,0,0,0,,0,0,,0.0,0.0,0,,False
Android-Dev-Peru,,,,,7,75,14,10.714285714285714,1,2556.75,0,0,0,5,103,"HTML, Kotlin",2,3,J,0.0,0.14285714285714285,4,127.0,False
allisonvp,,,,,0,0,0,0.0,1,0.0,0,0,0,0,0,,0,0,,0.0,0.0,0,,False
PaulGuillen,,,,,6,27,7,4.5,1,2191.5,0,0,0,3,41,"Java, Kotlin, Dart",4,4,J,0.0,0.0,1,392.0,False
geografope,,,,,10,63,12,6.3,1,3652.5,0,0,0,4,87,"Jupyter Notebook, R, HTML",3,2,M,0.0,0.6,0,398.0,False
franciscorosales-marticorena,,,,,0,0,0,0.0,1,0.0,0,0,0,0,0,,0,0,,0.0,0.0,0,,False
donycisne,,,,,0,0,0,0.0,1,0.0,0,0,0,0,0,,0,0,,0.0,0.0,0,,False
omarbenites,,,,,0,0,0,0.0,1,0.0,0,0,0,0,0,,0,0,,0.0,0.0,0,,False
puentesarrin,,,,,3,99,13,33.0,1,1095.75,0,0,0,3,125,Python,1,1,J,0.0,0.3333333333333333,1,1519.0,False
ErickChacon,,,,,0,0,0,0.0,1,0.0,0,0,0,0,0,,0,0,,0.0,0.0,0,,False
gcavanunez,,,,,0,0,0,0.0,1,0.0,0,0,0,0,0,,0,0,,0.0,0.0,0,,False
kevins-projects,,,,,1,13,1,13.0,1,365.25,0,0,0,1,15,,0,1,J,0.0,0.0,0,1154.0,False
kandra,,,,,0,0,0,0.0,1,0.0,0,0,0,0,0,,0,0,,0.0,0.0,0,,False
taldr27,,,,,0,0,0,0.0,1,0.0,0,0,0,0,0,,0,0,,0.0,0.0,0,,False
hsztan,,,,,0,0,0,0.0,1,0.0,0,0,0,0,0,,0,0,,0.0,0.0,0,,False
atejada,,,,,1,9,1,9.0,1,365.25,0,0,0,1,11,Python,1,1,J,0.0,1.0,0,525.0,False
EDavidAQ,,,,,1,3,1,3.0,1,365.25,0,0,0,1,5,R,1,1,M,0.0,0.0,0,3161.0,False
javsan77,,,,,1,5,0,5.0,1,365.25,0,0,0,1,5,JavaScript,1,1,P,0.0,1.0,0,40.0,True
lcajachahua,,,,,0,0,0,0.0,1,0.0,0,0,0,0,0,,0,0,,0.0,0.0,0,,False
kennyhorna,,,,,1,8,3,8.0,1,365.25,0,0,0,1,14,CSS,1,1,J,0.0,1.0,29,1165.0,False
VScode,,,,,0,0,0,0.0,1,0.0,0,0,0,0,0,,0,0,,0.0,0.0,0,,False
xorb,,,,,0,0,0,0.0,1,0.0,0,0,0,0,0,,0,0,,0.0,0.0,0,,False
Alejandro1709,,,,,0,0,0,0.0,1,0.0,0,0,0,0,0,,0,0,,0.0,0.0,0,,False
wilsonvargas,,,,,0,0,0,0.0,1,0.0,0,0,0,0,0,,0,0,,0.0,0.0,0,,False
JPachecoZ,,,,,0,0,0,0.0,1,0.0,0,0,0,0,0,,0,0,,0.0,0.0,0,,False
kevinrodbe,,,,,0,0,0,0.0,1,0.0,0,0,0,0,0,,0,0,,0.0,0.0,0,,False
healthinnovation,,,,,0,0,0,0.0,1,0.0,0,0,0,0,0,,0,0,,0.0,0.0,0,,False
paucaro,,,,,0,0,0,0.0,1,0.0,0,0,0,0,0,,0,0,,0.0,0.0,0,,False
lordksix,,,,,3,14,2,4.666666666666667,1,1095.75,0,0,0,3,18,"TypeScript, Ruby",2,2,R,0.0,1.0,0,879.0,False
jsatch,,,,,0,0,0,0.0,1,0.0,0,0,0,0,0,,0,0,,0.0,0.0,0,,False
jkelvie,,,,,2,6,1,3.0,1,730.5,0,0,0,2,8,JavaScript,1,2,J,0.0,0.5,0,2126.0,False
karenciita,,,,,6,32,37,5.333333333333333,1,2191.5,0,0,0,4,106,"Lua, JavaScript",2,5,Q,0.0,0.8333333333333334,12,2081.0,False
f1729,,,,,3,14,3,4.666666666666667,1,1095.75,0,0,0,3,20,"Clojure, Rust",2,3,J,0.0,0.3333333333333333,0,72.0,True
maybemarhs,,,,,0,0,0,0.0,1,0.0,0,0,0,0,0,,0,0,,0.0,0.0,0,,False
Aquima,,,,,0,0,0,0.0,1,0.0,0,0,0,0,0,,0,0,,0.0,0.0,0,,False
sochologa,,,,,0,0,0,0.0,1,0.0,0,0,0,0,0,,0,0,,0.0,0.0,0,,False
george124816,,,,,0,0,0,0.0,1,0.0,0,0,0,0,0,,0,0,,0.0,0.0,0,,False
desdelinux,,,,,0,0,0,0.0,1,0.0,0,0,0,0,0,,0,0,,0.0,0.0,0,,False
asullom,,,,,0,0,0,0.0,1,0.0,0,0,0,0,0,,0,0,,0.0,0.0,0,,False
DanielEdu,,,,,3,14,8,4.666666666666667,1,1095.75,0,0,0,3,30,Python,1,2,J,0.0,0.0,0,2.0,True
claydergc,,,,,2,9,2,4.5,1,730.5,0,0,0,2,13,CMake,1,2,M,0.0,0.5,1,1165.0,False
edwinrhc,,,,,0,0,0,0.0,1,0.0,0,0,0,0,0,,0,0,,0.0,0.0,0,,False
ccarruitero,,,,,0,0,0,0.0,1,0.0,0,0,0,0,0,,0,0,,0.0,0.0,0,,False
hllauca,,,,,2,31,8,15.5,1,730.5,0,0,0,2,47,R,1,2,M,0.0,0.0,0,184.0,False
xzitlou,,,,,0,0,0,0.0,1,0.0,0,0,0,0,0,,0,0,,0.0,0.0,0,,False
felipechang,,,,,5,52,38,10.4,1,1826.25,0,0,0,4,128,"JavaScript, TypeScript",2,2,K,0.0,0.8,1,729.0,False
eporroa,,,,,0,0,0,0.0,1,0.0,0,0,0,0,0,,0,0,,0.0,0.0,0,,False
Cuica20,,,,,0,0,0,0.0,1,0.0,0,0,0,0,0,,0,0,,0.0,0.0,0,,False
CristianLlanos,,,,,0,0,0,0.0,1,0.0,0,0,0,0,0,,0,0,,0.0,0.0,0,,False
FooTalentGroup,,,,,3,10,4,3.3333333333333335,1,1095.75,0,0,0,3,18,"JavaScript, Java",2,1,J,0.0,0.0,0,283.0,False
hebertdev,,,,,2,11,4,5.5,1,730.5,0,0,0,2,19,TypeScript,1,2,J,0.0,1.0,0,0.0,True
JosueDurand96,,,,,1,6,2,6.0,1,365.25,0,0,0,1,10,Kotlin,1,1,J,0.0,0.0,0,1402.0,False
piero-vic,,,,,10,57,12,5.7,1,3652.5,0,0,0,5,81,"JavaScript, Lua, Astro",7,4,J,0.0,0.7,1,5.0,True
damariis13,,,,,0,0,0,0.0,1,0.0,0,0,0,0,0,,0,0,,0.0,0.0,0,,False
Kevincarlosqa,,,,,0,0,0,0.0,1,0.0,0,0,0,0,0,,0,0,,0.0,0.0,0,,False
And0re,,,,,0,0,0,0.0,1,0.0,0,0,0,0,0,,0,0,,0.0,0.0,0,,False
mysticBel,,,,,0,0,0,0.0,1,0.0,0,0,0,0,0,,0,0,,0.0,0.0,0,,False
dairdev,,,,,0,0,0,0.0,1,0.0,0,0,0,0,0,,0,0,,0.0,0.0,0,,False
yuslinandev,,,,,0,0,0,0.0,1,0.0,0,0,0,0,0,,0,0,,0.0,0.0,0,,False
shiarauzo,,,,,1,5,0,5.0,1,365.25,0,0,0,1,5,GDScript,1,1,R,0.0,0.0,8,113.0,False
Kelvin-Joel,,,,,0,0,0,0.0,1,0.0,0,0,0,0,0,,0,0,,0.0,0.0,0,,False
MAGALLANESJoseManuel,,,,,0,0,0,0.0,1,0.0,0,0,0,0,0,,0,0,,0.0,0.0,0,,False
javierayalar,,,,,1,7,0,7.0,1,365.25,0,0,0,1,7,,0,1,M,0.0,0.0,0,1716.0,False
jhonatanmacazana,,,,,4,21,3,5.25,1,1461.0,0,0,0,3,27,"TypeScript, Dockerfile",2,1,J,0.0,0.0,0,1116.0,False
zmandel,,,,,5,183,32,36.6,1,1826.25,0,0,0,4,247,JavaScript,1,1,J,0.0,0.8,6,84.0,True
tavolafourcade,,,,,0,0,0,0.0,1,0.0,0,0,0,0,0,,0,0,,0.0,0.0,0,,False
mokuzaru,,,,,0,0,0,0.0,1,0.0,0,0,0,0,0,,0,0,,0.0,0.0,0,,False
NunezGabriel,,,,,1,3,1,3.0,1,365.25,0,0,0,1,5,JavaScript,1,1,L,0.0,0.0,0,958.0,False
joaohenry23,,,,,3,97,29,32.333333333333336,1,1095.75,0,0,0,3,155,Python,1,1,M,0.0,0.6666666666666666,4,347.0,False
sergiomauz,,,,,4,17,2,4.25,1,1461.0,0,0,0,3,21,"JavaScript, C#, TSQL",3,3,P,0.0,1.0,0,162.0,False
alonsofalconi,,,,,0,0,0,0.0,1,0.0,0,0,0,0,0,,0,0,,0.0,0.0,0,,False
ivanbadthings,,,,,0,0,0,0.0,1,0.0,0,0,0,0,0,,0,0,,0.0,0.0,0,,False
nestoraudante,,,,,1,3,0,3.0,1,365.25,0,0,0,1,3,,0,1,J,0.0,0.0,0,359.0,False
kerpie,,,,,2,9,14,4.5,1,730.5,0,0,0,2,37,Java,1,1,J,0.0,0.0,2,3175.0,False
android-sos,,,,,1,8,3,8.0,1,365.25,0,0,0,1,14,JavaScript,1,1,R,0.0,0.0,0,3602.0,False
FatimaGR,,,,,0,0,0,0.0,1,0.0,0,0,0,0,0,,0,0,,0.0,0.0,0,,False
adelgadop,,,,,4,21,4,5.25,1,1461.0,0,0,0,3,29,"Jupyter Notebook, Shell",2,3,D,0.0,0.0,0,30.0,True
CatRivas,,,,,0,0,0,0.0,1,0.0,0,0,0,0,0,,0,0,,0.0,0.0,0,,False
edgefirst-dev,,,,,12,358,11,29.833333333333332,1,4383.0,0,0,0,9,380,TypeScript,1,1,J,0.0,0.9166666666666666,30,0.0,True
jhonrolyol,,,,,0,0,0,0.0,1,0.0,0,0,0,0,0,,0,0,,0.0,0.0,0,,False
SenatiTeam,,,,,0,0,0,0.0,1,0.0,0,0,0,0,0,,0,0,,0.0,0.0,0,,False
Danielalab,,,,,2,9,22,4.5,1,730.5,0,0,0,2,53,"JavaScript, CSS",2,2,J,0.0,0.0,13,44.0,True
DeveloperRafael1996,,,,,2,10,0,5.0,1,730.5,0,0,0,2,10,Python,1,2,M,0.0,0.0,0,82.0,True
GraceSevillano,,,,,1,3,2,3.0,1,365.25,0,0,0,1,7,Jupyter Notebook,1,1,Q,0.0,0.0,0,755.0,False
gustavocadev,,,,,0,0,0,0.0,1,0.0,0,0,0,0,0,,0,0,,0.0,0.0,0,,False
dannxvc,,,,,2,10,4,5.0,1,730.5,0,0,0,2,18,JavaScript,1,1,J,0.0,0.0,0,1235.0,False
mig1098,,,,,0,0,0,0.0,1,0.0,0,0,0,0,0,,0,0,,0.0,0.0,0,,False
JuanDiegoGuerra,,,,,23,116,4,5.043478260869565,1,8400.75,0,0,0,6,124,"JavaScript, Ruby, CSS",5,7,J,0.0,0.9130434782608695,15,878.0,False
Wesitos,,,,,0,0,0,0.0,1,0.0,0,0,0,0,0,,0,0,,0.0,0.0,0,,False
d4n3436,,,,,8,279,42,34.875,1,2922.0,0,0,0,7,363,"C#, Kotlin, AutoHotkey",4,2,J,0.0,1.0,12,68.0,True
AlexanderPrincipe,,,,,0,0,0,0.0,1,0.0,0,0,0,0,0,,0,0,,0.0,0.0,0,,False
Vallejoanderson,,,,,0,0,0,0.0,1,0.0,0,0,0,0,0,,0,0,,0.0,0.0,0,,False
jcmachicao,,,,,0,0,0,0.0,1,0.0,0,0,0,0,0,,0,0,,0.0,0.0,0,,False
VilmaRomero,,,,,2,13,5,6.5,1,730.5,0,0,0,2,23,"HTML, R",2,1,M,0.0,0.0,0,1819.0,False
jaime-olivares,,,,,7,679,161,97.0,1,2556.75,0,0,0,6,1001,"C#, JavaScript, XSLT",3,2,J,0.0,1.0,28,281.0,False
AlonsoErnesto,,,,,0,0,0,0.0,1,0.0,0,0,0,0,0,,0,0,,0.0,0.0,0,,False
valec3,,,,,0,0,0,0.0,1,0.0,0,0,0,0,0,,0,0,,0.0,0.0,0,,False
MrJmpl3,,,,,0,0,0,0.0,1,0.0,0,0,0,0,0,,0,0,,0.0,0.0,0,,False
PeterTXS09,,,,,3,14,2,4.666666666666667,1,1095.75,0,0,0,3,18,"Python, JavaScript",2,3,A,0.0,0.0,0,633.0,False
larc,,,,,3,84,15,28.0,1,1095.75,0,0,0,3,114,"C++, TeX",2,3,M,0.0,0.6666666666666666,1,351.0,False
javier545dev,,,,,0,0,0,0.0,1,0.0,0,0,0,0,0,,0,0,,0.0,0.0,0,,False
Mateo-tem,,,,,1,92,27,92.0,1,365.25,0,0,0,1,146,JavaScript,1,1,J,0.0,1.0,4,1310.0,False
PatrickZurita,,,,,0,0,0,0.0,1,0.0,0,0,0,0,0,,0,0,,0.0,0.0,0,,False
NextKool,,,,,4,50,24,12.5,1,1461.0,0,0,0,4,98,"Python, Hack",2,1,J,0.0,1.0,5,681.0,False
paulrrdiaz,,,,,0,0,0,0.0,1,0.0,0,0,0,0,0,,0,0,,0.0,0.0,0,,False
nxvl,,,,,1,75,20,75.0,1,365.25,0,0,0,1,115,Python,1,1,J,0.0,1.0,26,2372.0,False
ex,,,,,1,38,12,38.0,1,365.25,0,0,0,1,62,C,1,1,R,0.0,1.0,0,11.0,True
malpicado,,,,,5,28,0,5.6,1,1826.25,0,0,0,3,28,"CSS, Papyrus, JavaScript",4,3,P,0.0,0.0,0,1214.0,False
jmoralesv,,,,,0,0,0,0.0,1,0.0,0,0,0,0,0,,0,0,,0.0,0.0,0,,False
gabrielajavier,,,,,0,0,0,0.0,1,0.0,0,0,0,0,0,,0,0,,0.0,0.0,0,,False
pierorolando1,,,,,0,0,0,0.0,1,0.0,0,0,0,0,0,,0,0,,0.0,0.0,0,,False
neofutur,,,,,0,0,0,0.0,1,0.0,0,0,0,0,0,,0,0,,0.0,0.0,0,,False
haroldeustaquio,,,,,14,131,15,9.357142857142858,1,5113.5,0,0,0,8,161,"Jupyter Notebook, Python, JavaScript",5,6,M,0.0,0.9285714285714286,0,207.0,False
LuisDev2001,,,,,0,0,0,0.0,1,0.0,0,0,0,0,0,,0,0,,0.0,0.0,0,,False
chijure,,,,,0,0,0,0.0,1,0.0,0,0,0,0,0,,0,0,,0.0,0.0,0,,False
Vilduis,,,,,0,0,0,0.0,1,0.0,0,0,0,0,0,,0,0,,0.0,0.0,0,,False
PaulESantos,,,,,0,0,0,0.0,1,0.0,0,0,0,0,0,,0,0,,0.0,0.0,0,,False
annaabsi,,,,,0,0,0,0.0,1,0.0,0,0,0,0,0,,0,0,,0.0,0.0,0,,False
jcaramantin,,,,,1,4,0,4.0,1,365.25,0,0,0,1,4,JavaScript,1,1,J,0.0,1.0,0,716.0,False
edeustua,,,,,3,13,1,4.333333333333333,1,1095.75,0,0,0,3,15,"Python, TeX",2,3,O,0.0,0.3333333333333333,0,431.0,False
jeandelacruz,,,,,0,0,0,0.0,1,0.0,0,0,0,0,0,,0,0,,0.0,0.0,0,,False
marcomnrq,,,,,1,8,1,8.0,1,365.25,0,0,0,1,10,TypeScript,1,1,J,0.0,1.0,1,1396.0,False
jcyber2017,,,,,0,0,0,0.0,1,0.0,0,0,0,0,0,,0,0,,0.0,0.0,0,,False
kevinPerezGarcia,,,,,0,0,0,0.0,1,0.0,0,0,0,0,0,,0,0,,0.0,0.0,0,,False
llabans,,,,,0,0,0,0.0,1,0.0,0,0,0,0,0,,0,0,,0.0,0.0,0,,False
Alessandrito123,,,,,1,7,2,7.0,1,365.25,0,0,0,1,11,JavaScript,1,1,P,0.0,0.0,0,396.0,False
hunter4466,,,,,0,0,0,0.0,1,0.0,0,0,0,0,0,,0,0,,0.0,0.0,0,,False
renzo-blockchain,,,,,0,0,0,0.0,1,0.0,0,0,0,0,0,,0,0,,0.0,0.0,0,,False
Kakalanp,,,,,5,25,0,5.0,1,1826.25,0,0,0,4,25,JavaScript,1,4,J,0.0,0.8,2,734.0,False
lokcito,,,,,0,0,0,0.0,1,0.0,0,0,0,0,0,,0,0,,0.0,0.0,0,,False
derekcrosslu,,,,,0,0,0,0.0,1,0.0,0,0,0,0,0,,0,0,,0.0,0.0,0,,False
coloradomarin,,,,,0,0,0,0.0,1,0.0,0,0,0,0,0,,0,0,,0.0,0.0,0,,False
dalessandro07,,,,,3,10,0,3.3333333333333335,1,1095.75,0,0,0,3,10,"TypeScript, Astro",2,2,J,0.0,0.6666666666666666,1,76.0,True
lkashef,,,,,0,0,0,0.0,1,0.0,0,0,0,0,0,,0,0,,0.0,0.0,0,,False
Joshua-Enrico,,,,,0,0,0,0.0,1,0.0,0,0,0,0,0,,0,0,,0.0,0.0,0,,False
Emerson-Portugal,,,,,0,0,0,0.0,1,0.0,0,0,0,0,0,,0,0,,0.0,0.0,0,,False
El-Palomo,,,,,0,0,0,0.0,1,0.0,0,0,0,0,0,,0,0,,0.0,0.0,0,,False
pixiepixeled,,,,,0,0,0,0.0,1,0.0,0,0,0,0,0,,0,0,,0.0,0.0,0,,False
Maycol-Knight,,,,,0,0,0,0.0,1,0.0,0,0,0,0,0,,0,0,,0.0,0.0,0,,False
addleonel,,,,,1,13,4,13.0,1,365.25,0,0,0,1,21,Python,1,1,H,0.0,1.0,0,860.0,False
oliverTuesta,,,,,0,0,0,0.0,1,0.0,0,0,0,0,0,,0,0,,0.0,0.0,0,,False
madmarin,,,,,30,407,3,13.566666666666666,1,10957.5,0,0,0,14,413,"TypeScript, HTML, C++",10,5,J,0.0,0.4,36,11.0,True
gamunax,,,,,0,0,0,0.0,1,0.0,0,0,0,0,0,,0,0,,0.0,0.0,0,,False
luismoriguerra,,,,,0,0,0,0.0,1,0.0,0,0,0,0,0,,0,0,,0.0,0.0,0,,False
yummta,,,,,1,4,0,4.0,1,365.25,0,0,0,1,4,JavaScript,1,1,R,0.0,0.0,0,2186.0,False
AlonsoCN,,,,,0,0,0,0.0,1,0.0,0,0,0,0,0,,0,0,,0.0,0.0,0,,False
claudiamp,,,,,0,0,0,0.0,1,0.0,0,0,0,0,0,,0,0,,0.0,0.0,0,,False
dwyazzo90,,,,,0,0,0,0.0,1,0.0,0,0,0,0,0,,0,0,,0.0,0.0,0,,False
FranciscoAscue,,,,,1,3,1,3.0,1,365.25,0,0,0,1,5,,0,1,A,0.0,0.0,0,1633.0,False
carloshs92,,,,,0,0,0,0.0,1,0.0,0,0,0,0,0,,0,0,,0.0,0.0,0,,False
InsiderAnh,,,,,4,25,16,6.25,1,1461.0,0,0,0,3,57,Java,1,2,J,0.0,0.5,8,57.0,True
julionav,,,,,0,0,0,0.0,1,0.0,0,0,0,0,0,,0,0,,0.0,0.0,0,,False
kucho,,,,,2,9,0,4.5,1,730.5,0,0,0,2,9,Ruby,1,2,H,0.0,0.5,0,1663.0,False
bitmakerla,,,,,5,215,24,43.0,1,1826.25,0,0,0,4,263,"Python, TypeScript",2,1,J,0.0,0.4,18,5.0,True
CristianLazoQuispe,,,,,4,13,2,3.25,1,1461.0,0,0,0,3,17,"Jupyter Notebook, Python",2,1,M,0.0,1.0,0,14.0,True
abelmiraval,,,,,0,0,0,0.0,1,0.0,0,0,0,0,0,,0,0,,0.0,0.0,0,,False
JorgePasco1,,,,,2,8,0,4.0,1,730.5,0,0,0,2,8,"Rust, HTML",2,1,J,0.0,0.5,2,18.0,True
masonlabcc,,,,,0,0,0,0.0,1,0.0,0,0,0,0,0,,0,0,,0.0,0.0,0,,False
EduDev06,,,,,6,43,9,7.166666666666667,1,2191.5,0,0,0,4,61,Kotlin,1,2,J,0.0,0.0,0,479.0,False
softalchemy,,,,,1,3,1,3.0,1,365.25,0,0,0,1,5,Shell,1,1,K,0.0,1.0,0,1594.0,False
MCss-18,,,,,0,0,0,0.0,1,0.0,0,0,0,0,0,,0,0,,0.0,0.0,0,,False
henrychavez,,,,,5,155,59,31.0,1,1826.25,0,0,0,3,273,"JavaScript, CSS, TypeScript",3,1,J,0.0,0.4,35,1164.0,False
Gilgammesh,,,,,0,0,0,0.0,1,0.0,0,0,0,0,0,,0,0,,0.0,0.0,0,,False
HiroForYou,,,,,0,0,0,0.0,1,0.0,0,0,0,0,0,,0,0,,0.0,0.0,0,,False
master-bogdan,,,,,3,10,0,3.3333333333333335,1,1095.75,0,0,0,3,10,"TypeScript, JavaScript",2,1,J,0.0,0.0,0,982.0,False
A-PachecoT,,,,,3,14,6,4.666666666666667,1,1095.75,0,0,0,3,26,"JavaScript, Python, TypeScript",3,2,J,0.0,0.3333333333333333,0,113.0,False
roxsyVel910,,,,,0,0,0,0.0,1,0.0,0,0,0,0,0,,0,0,,0.0,0.0,0,,False
Alejosor,,,,,0,0,0,0.0,1,0.0,0,0,0,0,0,,0,0,,0.0,0.0,0,,False
minskylab,,,,,6,181,25,30.166666666666668,1,2191.5,0,0,0,5,231,"Rust, TypeScript",2,3,J,0.0,1.0,7,488.0,False
mastergis,,,,,2,21,22,10.5,1,730.5,0,0,0,2,65,"Jupyter Notebook, JavaScript",2,1,M,0.0,0.5,0,1572.0,False
Rotvie,,,,,4,29,6,7.25,1,1461.0,0,0,0,3,41,"C++, Lua, Jupyter Notebook",4,3,M,0.0,0.75,0,0.0,True
daneelsan,,,,,10,189,13,18.9,1,3652.5,0,0,0,6,215,"Zig, Mathematica",2,3,J,0.0,0.1,5,91.0,False
jamesnoria,,,,,0,0,0,0.0,1,0.0,0,0,0,0,0,,0,0,,0.0,0.0,0,,False
gcancho,,,,,2,12,7,6.0,1,730.5,0,0,0,2,26,"JavaScript, CSS",2,1,J,0.0,0.0,0,1799.0,False
bryanjhv,,,,,4,259,45,64.75,1,1461.0,0,0,0,3,349,"JavaScript, PHP, Java",3,1,J,0.0,0.5,3,788.0,False
jcyovera,,,,,2,7,2,3.5,1,730.5,0,0,0,2,11,"TypeScript, HTML",2,1,J,0.0,0.0,57,1164.0,False
boomslag,,,,,2,11,4,5.5,1,730.5,0,0,0,2,19,"Python, TypeScript",2,1,J,0.0,1.0,0,1044.0,False
dev-lusaja,,,,,1,31,15,31.0,1,365.25,0,0,0,1,61,Python,1,1,J,0.0,0.0,0,1102.0,False
danielex1999,,,,,0,0,0,0.0,1,0.0,0,0,0,0,0,,0,0,,0.0,0.0,0,,False
ldiego73,,,,,2,15,3,7.5,1,730.5,0,0,0,2,21,TypeScript,1,1,J,0.0,0.5,38,1147.0,False
cristhian-apaza,,,,,1,5,1,5.0,1,365.25,0,0,0,1,7,Shell,1,1,J,0.0,0.0,0,1375.0,False
sashirestela,,,,,2,383,57,191.5,1,730.5,0,0,0,2,497,Java,1,1,J,0.0,1.0,18,179.0,False
LordMathi2741,,,,,0,0,0,0.0,1,0.0,0,0,0,0,0,,0,0,,0.0,0.0,0,,False
ojitoslanda,,,,,0,0,0,0.0,1,0.0,0,0,0,0,0,,0,0,,0.0,0.0,0,,False
Gonzalogdlr,,,,,1,3,0,3.0,1,365.25,0,0,0,1,3,JavaScript,1,1,J,0.0,1.0,0,1670.0,False
kcotrinam,,,,,3,12,0,4.0,1,1095.75,0,0,0,3,12,JavaScript,1,1,J,0.0,0.3333333333333333,2,1816.0,False
csl-club,,,,,1,3,0,3.0,1,365.25,0,0,0,1,3,Go,1,1,J,0.0,0.0,0,454.0,False
Luiggi370z,,,,,5,117,60,23.4,1,1826.25,0,0,0,3,237,"JavaScript, TypeScript",2,1,J,0.0,0.0,54,1109.0,False
JulioRuizdev,,,,,0,0,0,0.0,1,0.0,0,0,0,0,0,,0,0,,0.0,0.0,0,,False
ivoscc,,,,,2,10,2,5.0,1,730.5,0,0,0,2,14,"Python, Racket",2,1,J,0.0,0.0,0,2848.0,False
loweffort-alt,,,,,0,0,0,0.0,1,0.0,0,0,0,0,0,,0,0,,0.0,0.0,0,,False
leo2105,,,,,1,3,4,3.0,1,365.25,0,0,0,1,11,Jupyter Notebook,1,1,M,0.0,0.0,0,2538.0,False
GinoQuispe21,,,,,2,6,0,3.0,1,730.5,0,0,0,2,6,"Dart, CSS",2,2,P,0.0,0.0,1,990.0,False
Sbustamante301,,,,,0,0,0,0.0,1,0.0,0,0,0,0,0,,0,0,,0.0,0.0,0,,False
activodigital,,,,,0,0,0,0.0,1,0.0,0,0,0,0,0,,0,0,,0.0,0.0,0,,False
cesar00015,,,,,0,0,0,0.0,1,0.0,0,0,0,0,0,,0,0,,0.0,0.0,0,,False
annygutierrez,,,,,0,0,0,0.0,1,0.0,0,0,0,0,0,,0,0,,0.0,0.0,0,,False
hackanonimous,,,,,1,3,0,3.0,1,365.25,0,0,0,1,3,Python,1,1,J,0.0,0.0,0,836.0,False
AngelRodRo,,,,,2,8,4,4.0,1,730.5,0,0,0,2,16,JavaScript,1,1,J,0.0,0.0,8,783.0,False
GAMM95,,,,,0,0,0,0.0,1,0.0,0,0,0,0,0,,0,0,,0.0,0.0,0,,False
helpdesk-z,,,,,2,107,90,53.5,1,730.5,0,0,0,2,287,PHP,1,1,J,0.0,1.0,60,1046.0,False
xtrmdarc,,,,,7,35,7,5.0,1,2556.75,0,0,0,4,49,"JavaScript, Ruby",2,4,R,0.0,0.0,49,982.0,False
oscar-ramos,,,,,0,0,0,0.0,1,0.0,0,0,0,0,0,,0,0,,0.0,0.0,0,,False
Camilo-J,,,,,0,0,0,0.0,1,0.0,0,0,0,0,0,,0,0,,0.0,0.0,0,,False
jsalinasvela,,,,,1,4,0,4.0,1,365.25,0,0,0,1,4,Java,1,1,J,0.0,0.0,0,2820.0,False
Mr20DL,,,,,1,5,0,5.0,1,365.25,0,0,0,1,5,JavaScript,1,1,J,0.0,1.0,0,8.0,True
gabsss1,,,,,0,0,0,0.0,1,0.0,0,0,0,0,0,,0,0,,0.0,0.0,0,,False
diazgio,,,,,1,3,0,3.0,1,365.25,0,0,0,1,3,JavaScript,1,1,J,0.0,0.0,0,48.0,True
carmenluyo,,,,,0,0,0,0.0,1,0.0,0,0,0,0,0,,0,0,,0.0,0.0,0,,False
indobits,,,,,0,0,0,0.0,1,0.0,0,0,0,0,0,,0,0,,0.0,0.0,0,,False
aldenso,,,,,3,11,3,3.6666666666666665,1,1095.75,0,0,0,3,17,Go,1,1,J,0.0,1.0,0,2179.0,False
DavidMontoya24,,,,,0,0,0,0.0,1,0.0,0,0,0,0,0,,0,0,,0.0,0.0,0,,False
tudineroweb,,,,,3,28,18,9.333333333333334,1,1095.75,0,0,0,3,64,Python,1,1,K,0.0,0.0,4,901.0,False
AzucenaGrecia,,,,,0,0,0,0.0,1,0.0,0,0,0,0,0,,0,0,,0.0,0.0,0,,False
CrhistianT7,,,,,0,0,0,0.0,1,0.0,0,0,0,0,0,,0,0,,0.0,0.0,0,,False
giancarlosisasi,,,,,1,8,0,8.0,1,365.25,0,0,0,1,8,Go,1,1,J,0.0,0.0,0,266.0,False
xapiens,,,,,0,0,0,0.0,1,0.0,0,0,0,0,0,,0,0,,0.0,0.0,0,,False
aquevedos,,,,,1,3,0,3.0,1,365.25,0,0,0,1,3,Python,1,1,J,0.0,0.0,1,754.0,False
fericell2909,,,,,0,0,0,0.0,1,0.0,0,0,0,0,0,,0,0,,0.0,0.0,0,,False
gabtio,,,,,0,0,0,0.0,1,0.0,0,0,0,0,0,,0,0,,0.0,0.0,0,,False
xtrator,,,,,0,0,0,0.0,1,0.0,0,0,0,0,0,,0,0,,0.0,0.0,0,,False
ifs99,,,,,0,0,0,0.0,1,0.0,0,0,0,0,0,,0,0,,0.0,0.0,0,,False
rubensaid,,,,,0,0,0,0.0,1,0.0,0,0,0,0,0,,0,0,,0.0,0.0,0,,False
luiisca,,,,,4,54,9,13.5,1,1461.0,0,0,0,4,72,"TypeScript, Kotlin, MDX",3,2,J,0.0,0.5,16,29.0,True
Ray-Alessandro,,,,,0,0,0,0.0,1,0.0,0,0,0,0,0,,0,0,,0.0,0.0,0,,False
cryohydromettools,,,,,2,8,5,4.0,1,730.5,0,0,0,2,18,Jupyter Notebook,1,2,A,0.0,1.0,0,894.0,False
alanegd,,,,,0,0,0,0.0,1,0.0,0,0,0,0,0,,0,0,,0.0,0.0,0,,False
wchoque,,,,,0,0,0,0.0,1,0.0,0,0,0,0,0,,0,0,,0.0,0.0,0,,False
fortepc,,,,,1,3,0,3.0,1,365.25,0,0,0,1,3,AutoHotkey,1,1,J,0.0,1.0,0,2229.0,False
moisesli,,,,,0,0,0,0.0,1,0.0,0,0,0,0,0,,0,0,,0.0,0.0,0,,False
jhonathanssegura,,,,,1,3,1,3.0,1,365.25,0,0,0,1,5,Python,1,1,M,0.0,1.0,0,1129.0,False
bkerz,,,,,0,0,0,0.0,1,0.0,0,0,0,0,0,,0,0,,0.0,0.0,0,,False
mairelis-montilla,,,,,0,0,0,0.0,1,0.0,0,0,0,0,0,,0,0,,0.0,0.0,0,,False
Aireck2,,,,,2,10,0,5.0,1,730.5,0,0,0,2,10,"Shell, TypeScript",2,2,J,0.0,1.0,0,861.0,False
LadyDi3103,,,,,0,0,0,0.0,1,0.0,0,0,0,0,0,,0,0,,0.0,0.0,0,,False
abengl,,,,,0,0,0,0.0,1,0.0,0,0,0,0,0,,0,0,,0.0,0.0,0,,False
YotoCoder,,,,,1,5,0,5.0,1,365.25,0,0,0,1,5,,0,1,J,0.0,1.0,0,1278.0,False
DragShot,,,,,3,17,20,5.666666666666667,1,1095.75,0,0,0,3,57,"Haxe, Java",2,2,R,0.0,1.0,2,590.0,False
DiegoCuevas,,,,,0,0,0,0.0,1,0.0,0,0,0,0,0,,0,0,,0.0,0.0,0,,False
pandadiestro,,,,,3,11,0,3.6666666666666665,1,1095.75,0,0,0,3,11,"C, Shell, Go",3,1,J,0.0,1.0,0,511.0,False
luisBazanDev,,,,,1,5,1,5.0,1,365.25,0,0,0,1,7,TypeScript,1,1,J,0.0,1.0,5,287.0,False
JafetRaul,,,,,1,5,0,5.0,1,365.25,0,0,0,1,5,Jupyter Notebook,1,1,P,0.0,0.0,0,1221.0,False
Alvaro-Neyra,,,,,0,0,0,0.0,1,0.0,0,0,0,0,0,,0,0,,0.0,0.0,0,,False
alfredogama,,,,,0,0,0,0.0,1,0.0,0,0,0,0,0,,0,0,,0.0,0.0,0,,False
hirammendiola,,,,,0,0,0,0.0,1,0.0,0,0,0,0,0,,0,0,,0.0,0.0,0,,False
victorlunam,,,,,3,16,1,5.333333333333333,1,1095.75,0,0,0,3,18,JavaScript,1,1,J,0.0,0.3333333333333333,0,661.0,False
yuruyuri16,,,,,1,4,0,4.0,1,365.25,0,0,0,1,4,Dart,1,1,G,0.0,0.0,5,1109.0,False
Luis3Fernando,,,,,0,0,0,0.0,1,0.0,0,0,0,0,0,,0,0,,0.0,0.0,0,,False
aomineDev,,,,,0,0,0,0.0,1,0.0,0,0,0,0,0,,0,0,,0.0,0.0,0,,False
CS1103,,,,,0,0,0,0.0,1,0.0,0,0,0,0,0,,0,0,,0.0,0.0,0,,False
germanmartinez,,,,,0,0,0,0.0,1,0.0,0,0,0,0,0,,0,0,,0.0,0.0,0,,False
apuntesdejava,,,,,1,10,1,10.0,1,365.25,0,0,0,1,12,Java,1,1,J,0.0,1.0,0,87.0,True
user0608,,,,,4,42,8,10.5,1,1461.0,0,0,0,3,58,Go,1,2,J,0.0,0.75,4,220.0,False
krystalcode,,,,,0,0,0,0.0,1,0.0,0,0,0,0,0,,0,0,,0.0,0.0,0,,False
edwinmacalopu,,,,,5,95,34,19.0,1,1826.25,0,0,0,4,163,"Dart, HTML",2,4,H,0.0,0.2,2,1155.0,False
franciscovilchezv,,,,,0,0,0,0.0,1,0.0,0,0,0,0,0,,0,0,,0.0,0.0,0,,False
eliza8855,,,,,0,0,0,0.0,1,0.0,0,0,0,0,0,,0,0,,0.0,0.0,0,,False
nestjslatam,,,,,2,44,4,22.0,1,730.5,0,0,0,2,52,TypeScript,1,1,J,0.0,0.5,2,14.0,True
rodp63,,,,,4,23,4,5.75,1,1461.0,0,0,0,3,31,"Python, C++, C",3,2,M,0.0,1.0,1,679.0,False
javierescobare,,,,,0,0,0,0.0,1,0.0,0,0,0,0,0,,0,0,,0.0,0.0,0,,False
marcosluis2186,,,,,0,0,0,0.0,1,0.0,0,0,0,0,0,,0,0,,0.0,0.0,0,,False
ever864,,,,,0,0,0,0.0,1,0.0,0,0,0,0,0,,0,0,,0.0,0.0,0,,False
TISparta,,,,,0,0,0,0.0,1,0.0,0,0,0,0,0,,0,0,,0.0,0.0,0,,False
devildeveloper,,,,,0,0,0,0.0,1,0.0,0,0,0,0,0,,0,0,,0.0,0.0,0,,False
Benjacho,,,,,1,5,16,5.0,1,365.25,0,0,0,1,37,Jupyter Notebook,1,1,J,0.0,0.0,0,1994.0,False
alonsogodinez,,,,,1,5,3,5.0,1,365.25,0,0,0,1,11,Python,1,1,K,0.0,0.0,0,3361.0,False
FrankLopezFLB,,,,,1,3,1,3.0,1,365.25,0,0,0,1,5,JavaScript,1,1,G,0.0,0.0,0,1333.0,False
jdamian,,,,,0,0,0,0.0,1,0.0,0,0,0,0,0,,0,0,,0.0,0.0,0,,False
Vjimenez-vasquez,,,,,0,0,0,0.0,1,0.0,0,0,0,0,0,,0,0,,0.0,0.0,0,,False
accel33,,,,,0,0,0,0.0,1,0.0,0,0,0,0,0,,0,0,,0.0,0.0,0,,False
echovl,,,,,0,0,0,0.0,1,0.0,0,0,0,0,0,,0,0,,0.0,0.0,0,,False
maary17,,,,,0,0,0,0.0,1,0.0,0,0,0,0,0,,0,0,,0.0,0.0,0,,False
chafarleston,,,,,1,4,9,4.0,1,365.25,0,0,0,1,22,Shell,1,1,G,0.0,0.0,0,2259.0,False
stiffis,,,,,1,3,0,3.0,1,365.25,0,0,0,1,3,Go,1,1,R,0.0,1.0,0,10.0,True
giampieer,,,,,0,0,0,0.0,1,0.0,0,0,0,0,0,,0,0,,0.0,0.0,0,,False
carlosgl87,,,,,2,7,0,3.5,1,730.5,0,0,0,2,7,"Python, Jupyter Notebook",2,2,M,0.0,0.0,0,2727.0,False
rmaceissoft,,,,,1,5,0,5.0,1,365.25,0,0,0,1,5,Jinja,1,1,J,0.0,0.0,0,986.0,False
Jeremitc,,,,,0,0,0,0.0,1,0.0,0,0,0,0,0,,0,0,,0.0,0.0,0,,False
NicolasTicona,,,,,0,0,0,0.0,1,0.0,0,0,0,0,0,,0,0,,0.0,0.0,0,,False
luckymachi,,,,,0,0,0,0.0,1,0.0,0,0,0,0,0,,0,0,,0.0,0.0,0,,False
NeoKode,,,,,1,77,126,77.0,1,365.25,0,0,0,1,329,JavaScript,1,1,R,0.0,1.0,0,162.0,False
Dulcedr2651340,,,,,0,0,0,0.0,1,0.0,0,0,0,0,0,,0,0,,0.0,0.0,0,,False
jwilliamn,,,,,2,11,6,5.5,1,730.5,0,0,0,2,23,Python,1,2,R,0.0,0.5,1,2890.0,False
MaryToribio,,,,,0,0,0,0.0,1,0.0,0,0,0,0,0,,0,0,,0.0,0.0,0,,False
dfloresgonz,,,,,0,0,0,0.0,1,0.0,0,0,0,0,0,,0,0,,0.0,0.0,0,,False
ArubikU,,,,,0,0,0,0.0,1,0.0,0,0,0,0,0,,0,0,,0.0,0.0,0,,False
upc-pre-202402-si729-wx51,,,,,0,0,0,0.0,1,0.0,0,0,0,0,0,,0,0,,0.0,0.0,0,,False
JairFrancesco,,,,,0,0,0,0.0,1,0.0,0,0,0,0,0,,0,0,,0.0,0.0,0,,False
csdev19,,,,,0,0,0,0.0,1,0.0,0,0,0,0,0,,0,0,,0.0,0.0,0,,False
arturop200,,,,,0,0,0,0.0,1,0.0,0,0,0,0,0,,0,0,,0.0,0.0,0,,False
sebastianroar,,,,,0,0,0,0.0,1,0.0,0,0,0,0,0,,0,0,,0.0,0.0,0,,False
joaquingx,,,,,0,0,0,0.0,1,0.0,0,0,0,0,0,,0,0,,0.0,0.0,0,,False
ynoacamino,,,,,0,0,0,0.0,1,0.0,0,0,0,0,0,,0,0,,0.0,0.0,0,,False
darwinv,,,,,0,0,0,0.0,1,0.0,0,0,0,0,0,,0,0,,0.0,0.0,0,,False
Carsaavedrapa,,,,,0,0,0,0.0,1,0.0,0,0,0,0,0,,0,0,,0.0,0.0,0,,False
syaker,,,,,0,0,0,0.0,1,0.0,0,0,0,0,0,,0,0,,0.0,0.0,0,,False
juliogarciape,,,,,20,77,4,3.85,1,7305.0,0,0,0,3,85,"JavaScript, TypeScript, HTML",7,3,J,0.0,0.4,1,388.0,False
EstivenMayhuay,,,,,0,0,0,0.0,1,0.0,0,0,0,0,0,,0,0,,0.0,0.0,0,,False
devedux,,,,,0,0,0,0.0,1,0.0,0,0,0,0,0,,0,0,,0.0,0.0,0,,False
juanRCoder,,,,,0,0,0,0.0,1,0.0,0,0,0,0,0,,0,0,,0.0,0.0,0,,False
jadx2,,,,,2,6,0,3.0,1,730.5,0,0,0,2,6,"Ruby, HTML",2,2,I,0.0,0.0,1,1724.0,False
utecrobotics,,,,,0,0,0,0.0,1,0.0,0,0,0,0,0,,0,0,,0.0,0.0,0,,False
rtbustamantec,,,,,0,0,0,0.0,1,0.0,0,0,0,0,0,,0,0,,0.0,0.0,0,,False
qlab-intro-python,,,,,1,5,8,5.0,1,365.25,0,0,0,1,21,Jupyter Notebook,1,1,K,0.0,0.0,0,430.0,False
Meowwuw,,,,,0,0,0,0.0,1,0.0,0,0,0,0,0,,0,0,,0.0,0.0,0,,False
ericktucto,,,,,0,0,0,0.0,1,0.0,0,0,0,0,0,,0,0,,0.0,0.0,0,,False
paula113,,,,,0,0,0,0.0,1,0.0,0,0,0,0,0,,0,0,,0.0,0.0,0,,False
MrElmo3,,,,,0,0,0,0.0,1,0.0,0,0,0,0,0,,0,0,,0.0,0.0,0,,False
javielis,,,,,0,0,0,0.0,1,0.0,0,0,0,0,0,,0,0,,0.0,0.0,0,,False
AlexMamani85,,,,,0,0,0,0.0,1,0.0,0,0,0,0,0,,0,0,,0.0,0.0,0,,False
santos88,,,,,1,3,0,3.0,1,365.25,0,0,0,1,3,Swift,1,1,J,0.0,0.0,0,2342.0,False
grossir,,,,,0,0,0,0.0,1,0.0,0,0,0,0,0,,0,0,,0.0,0.0,0,,False
jotisa,,,,,0,0,0,0.0,1,0.0,0,0,0,0,0,,0,0,,0.0,0.0,0,,False
cesar4rroyo,,,,,0,0,0,0.0,1,0.0,0,0,0,0,0,,0,0,,0.0,0.0,0,,False
raulingg,,,,,0,0,0,0.0,1,0.0,0,0,0,0,0,,0,0,,0.0,0.0,0,,False
FreddyPinto,,,,,0,0,0,0.0,1,0.0,0,0,0,0,0,,0,0,,0.0,0.0,0,,False
dceluis,,,,,6,71,12,11.833333333333334,1,2191.5,0,0,0,4,95,"Python, Go, TypeScript",4,2,J,0.0,0.8333333333333334,6,267.0,False
JuanOrbegoso,,,,,6,188,43,31.333333333333332,1,2191.5,0,0,0,4,274,"PowerShell, TypeScript, Shell",4,3,J,0.0,0.8333333333333334,3,371.0,False
Caro9926,,,,,0,0,0,0.0,1,0.0,0,0,0,0,0,,0,0,,0.0,0.0,0,,False
nhrot-fc,,,,,1,3,0,3.0,1,365.25,0,0,0,1,3,C,1,1,M,0.0,1.0,2,415.0,False
Alucia,,,,,0,0,0,0.0,1,0.0,0,0,0,0,0,,0,0,,0.0,0.0,0,,False
reissaavedra,,,,,0,0,0,0.0,1,0.0,0,0,0,0,0,,0,0,,0.0,0.0,0,,False
cscthian,,,,,0,0,0,0.0,1,0.0,0,0,0,0,0,,0,0,,0.0,0.0,0,,False
darkJCdark,,,,,0,0,0,0.0,1,0.0,0,0,0,0,0,,0,0,,0.0,0.0,0,,False
raicoacosta,,,,,0,0,0,0.0,1,0.0,0,0,0,0,0,,0,0,,0.0,0.0,0,,False
jvalenciag,,,,,1,3,0,3.0,1,365.25,0,0,0,1,3,Java,1,1,J,0.0,1.0,0,4047.0,False
maronare10,,,,,0,0,0,0.0,1,0.0,0,0,0,0,0,,0,0,,0.0,0.0,0,,False
javalpe,,,,,0,0,0,0.0,1,0.0,0,0,0,0,0,,0,0,,0.0,0.0,0,,False
eduarQuintero73,,,,,1,35,27,35.0,1,365.25,0,0,0,1,89,Vim script,1,1,J,0.0,0.0,0,1945.0,False
x-name15,,,,,6,51,30,8.5,1,2191.5,0,0,0,4,111,"Python, PHP",2,4,J,0.0,0.8333333333333334,2,6.0,True
Mozart2234,,,,,0,0,0,0.0,1,0.0,0,0,0,0,0,,0,0,,0.0,0.0,0,,False
ddumst,,,,,0,0,0,0.0,1,0.0,0,0,0,0,0,,0,0,,0.0,0.0,0,,False
jguillermo,,,,,1,5,0,5.0,1,365.25,0,0,0,1,5,TypeScript,1,1,J,0.0,0.0,0,1397.0,False
gianzk,,,,,0,0,0,0.0,1,0.0,0,0,0,0,0,,0,0,,0.0,0.0,0,,False
willianuk,,,,,1,3,0,3.0,1,365.25,0,0,0,1,3,TypeScript,1,1,J,0.0,0.0,0,1093.0,False
r3xakead0,,,,,0,0,0,0.0,1,0.0,0,0,0,0,0,,0,0,,0.0,0.0,0,,False
jjhoncv,,,,,0,0,0,0.0,1,0.0,0,0,0,0,0,,0,0,,0.0,0.0,0,,False
jriverox,,,,,1,7,2,7.0,1,365.25,0,0,0,1,11,JavaScript,1,1,J,0.0,1.0,0,1443.0,False
surphury,,,,,0,0,0,0.0,1,0.0,0,0,0,0,0,,0,0,,0.0,0.0,0,,False
BrandPM18,,,,,0,0,0,0.0,1,0.0,0,0,0,0,0,,0,0,,0.0,0.0,0,,False
valesili,,,,,0,0,0,0.0,1,0.0,0,0,0,0,0,,0,0,,0.0,0.0,0,,False
heblopez,,,,,0,0,0,0.0,1,0.0,0,0,0,0,0,,0,0,,0.0,0.0,0,,False
dsc-utp,,,,,0,0,0,0.0,1,0.0,0,0,0,0,0,,0,0,,0.0,0.0,0,,False
haydehumpire,,,,,0,0,0,0.0,1,0.0,0,0,0,0,0,,0,0,,0.0,0.0,0,,False
misaki1301,,,,,0,0,0,0.0,1,0.0,0,0,0,0,0,,0,0,,0.0,0.0,0,,False
AiltonSalguero,,,,,0,0,0,0.0,1,0.0,0,0,0,0,0,,0,0,,0.0,0.0,0,,False
willyk,,,,,0,0,0,0.0,1,0.0,0,0,0,0,0,,0,0,,0.0,0.0,0,,False
CarlosVillena17,,,,,0,0,0,0.0,1,0.0,0,0,0,0,0,,0,0,,0.0,0.0,0,,False
hachikujimayoi11,,,,,0,0,0,0.0,1,0.0,0,0,0,0,0,,0,0,,0.0,0.0,0,,False
evillaz,,,,,0,0,0,0.0,1,0.0,0,0,0,0,0,,0,0,,0.0,0.0,0,,False
DiegoPaccoPE,,,,,0,0,0,0.0,1,0.0,0,0,0,0,0,,0,0,,0.0,0.0,0,,False
FlorTello,,,,,0,0,0,0.0,1,0.0,0,0,0,0,0,,0,0,,0.0,0.0,0,,False
Israelzait,,,,,0,0,0,0.0,1,0.0,0,0,0,0,0,,0,0,,0.0,0.0,0,,False
aldriguz,,,,,1,10,7,10.0,1,365.25,0,0,0,1,24,PHP,1,1,J,0.0,0.0,0,966.0,False
daisyforger,,,,,0,0,0,0.0,1,0.0,0,0,0,0,0,,0,0,,0.0,0.0,0,,False
danqwas,,,,,0,0,0,0.0,1,0.0,0,0,0,0,0,,0,0,,0.0,0.0,0,,False
ValentinaCham,,,,,0,0,0,0.0,1,0.0,0,0,0,0,0,,0,0,,0.0,0.0,0,,False
ahuamana,,,,,0,0,0,0.0,1,0.0,0,0,0,0,0,,0,0,,0.0,0.0,0,,False
ricdex,,,,,0,0,0,0.0,1,0.0,0,0,0,0,0,,0,0,,0.0,0.0,0,,False
jfabian,,,,,1,3,0,3.0,1,365.25,0,0,0,1,3,,0,1,J,0.0,0.0,0,5486.0,False
TaniQL,,,,,0,0,0,0.0,1,0.0,0,0,0,0,0,,0,0,,0.0,0.0,0,,False
utec,,,,,3,11,9,3.6666666666666665,1,1095.75,0,0,0,3,29,Java,1,1,J,0.0,0.3333333333333333,12,783.0,False
emachipana,,,,,0,0,0,0.0,1,0.0,0,0,0,0,0,,0,0,,0.0,0.0,0,,False
RodrigoC81,,,,,0,0,0,0.0,1,0.0,0,0,0,0,0,,0,0,,0.0,0.0,0,,False
infojasyrc,,,,,0,0,0,0.0,1,0.0,0,0,0,0,0,,0,0,,0.0,0.0,0,,False
zlarosav,,,,,0,0,0,0.0,1,0.0,0,0,0,0,0,,0,0,,0.0,0.0,0,,False
znarro,,,,,0,0,0,0.0,1,0.0,0,0,0,0,0,,0,0,,0.0,0.0,0,,False
jan-moxter,,,,,0,0,0,0.0,1,0.0,0,0,0,0,0,,0,0,,0.0,0.0,0,,False
heilop,,,,,0,0,0,0.0,1,0.0,0,0,0,0,0,,0,0,,0.0,0.0,0,,False
Hearly98,,,,,0,0,0,0.0,1,0.0,0,0,0,0,0,,0,0,,0.0,0.0,0,,False
guerrerosystem,,,,,2,10,3,5.0,1,730.5,0,0,0,2,16,Java,1,1,J,0.0,0.0,0,1608.0,False
jeanecvh,,,,,0,0,0,0.0,1,0.0,0,0,0,0,0,,0,0,,0.0,0.0,0,,False
vcerpasalas,,,,,0,0,0,0.0,1,0.0,0,0,0,0,0,,0,0,,0.0,0.0,0,,False
arlessweschler,,,,,0,0,0,0.0,1,0.0,0,0,0,0,0,,0,0,,0.0,0.0,0,,False
deep-skill,,,,,2,9,2,4.5,1,730.5,0,0,0,2,13,Jupyter Notebook,1,2,P,0.0,1.0,0,139.0,False
lcubas,,,,,0,0,0,0.0,1,0.0,0,0,0,0,0,,0,0,,0.0,0.0,0,,False
marlontaro,,,,,0,0,0,0.0,1,0.0,0,0,0,0,0,,0,0,,0.0,0.0,0,,False
alessandro54,,,,,0,0,0,0.0,1,0.0,0,0,0,0,0,,0,0,,0.0,0.0,0,,False
RoyHuamanAvila,,,,,0,0,0,0.0,1,0.0,0,0,0,0,0,,0,0,,0.0,0.0,0,,False
Abrilskop,,,,,0,0,0,0.0,1,0.0,0,0,0,0,0,,0,0,,0.0,0.0,0,,False
qpdian,,,,,0,0,0,0.0,1,0.0,0,0,0,0,0,,0,0,,0.0,0.0,0,,False
tripler123,,,,,0,0,0,0.0,1,0.0,0,0,0,0,0,,0,0,,0.0,0.0,0,,False
adminLTR,,,,,1,4,0,4.0,1,365.25,0,0,0,1,4,JavaScript,1,1,A,0.0,0.0,0,113.0,False
ubinatus,,,,,2,6,0,3.0,1,730.5,0,0,0,2,6,TypeScript,1,2,J,0.0,1.0,0,764.0,False
j05u3,,,,,4,82,13,20.5,1,1461.0,0,0,0,4,108,"TypeScript, Swift, Dart",3,1,J,0.0,1.0,6,18.0,True
sihsalus,,,,,1,3,0,3.0,1,365.25,0,0,0,1,3,Shell,1,1,Q,0.0,0.0,1,2.0,True
greciagarciav,,,,,0,0,0,0.0,1,0.0,0,0,0,0,0,,0,0,,0.0,0.0,0,,False
Yei-Linux,,,,,3,17,4,5.666666666666667,1,1095.75,0,0,0,3,25,TypeScript,1,2,R,0.0,0.0,0,806.0,False
GeoCompas,,,,,1,12,3,12.0,1,365.25,0,0,0,1,18,Python,1,1,J,0.0,1.0,1,404.0,False
LiamQuinoNeff,,,,,3,11,1,3.6666666666666665,1,1095.75,0,0,0,3,13,Python,1,3,M,0.0,0.0,0,89.0,True
braulio-arteaga,,,,,2,14,1,7.0,1,730.5,0,0,0,2,16,Jupyter Notebook,1,2,G,0.0,0.0,0,1179.0,False
lucabenaventew,,,,,0,0,0,0.0,1,0.0,0,0,0,0,0,,0,0,,0.0,0.0,0,,False
AngelloFD,,,,,0,0,0,0.0,1,0.0,0,0,0,0,0,,0,0,,0.0,0.0,0,,False
bren2102,,,,,3,11,1,3.6666666666666665,1,1095.75,0,0,0,3,13,"HTML, JavaScript",2,1,J,0.0,0.0,18,1165.0,False
karlitoz007,,,,,0,0,0,0.0,1,0.0,0,0,0,0,0,,0,0,,0.0,0.0,0,,False
noamlv,,,,,1,4,4,4.0,1,365.25,0,0,0,1,12,R,1,1,P,0.0,0.0,0,3210.0,False
BioXR-Immersive-Lab,,,,,0,0,0,0.0,1,0.0,0,0,0,0,0,,0,0,,0.0,0.0,0,,False
SanchezEmir,,,,,0,0,0,0.0,1,0.0,0,0,0,0,0,,0,0,,0.0,0.0,0,,False
GunpowderGuy,,,,,1,3,0,3.0,1,365.25,0,0,0,1,3,Haskell,1,1,J,0.0,0.0,1,124.0,False
gcquirozguzman,,,,,1,10,4,10.0,1,365.25,0,0,0,1,18,,0,1,P,0.0,0.0,1,1539.0,False
jjordanoc,,,,,7,37,20,5.285714285714286,1,2556.75,0,0,0,4,77,"C++, Swift, Verilog",5,4,J,0.0,0.2857142857142857,9,441.0,False
7SilviaT,,,,,0,0,0,0.0,1,0.0,0,0,0,0,0,,0,0,,0.0,0.0,0,,False
CesarBustios,,,,,1,6,1,6.0,1,365.25,0,0,0,1,8,Python,1,1,N,0.0,1.0,0,4799.0,False
Ryusse,,,,,0,0,0,0.0,1,0.0,0,0,0,0,0,,0,0,,0.0,0.0,0,,False
Emmigumi,,,,,0,0,0,0.0,1,0.0,0,0,0,0,0,,0,0,,0.0,0.0,0,,False
erajuan,,,,,0,0,0,0.0,1,0.0,0,0,0,0,0,,0,0,,0.0,0.0,0,,False
derpmagician,,,,,0,0,0,0.0,1,0.0,0,0,0,0,0,,0,0,,0.0,0.0,0,,False
raulsedano2410,,,,,1,3,1,3.0,1,365.25,0,0,0,1,5,TypeScript,1,1,J,0.0,0.0,0,10.0,True
christopherdongo,,,,,0,0,0,0.0,1,0.0,0,0,0,0,0,,0,0,,0.0,0.0,0,,False
frankdev7,,,,,0,0,0,0.0,1,0.0,0,0,0,0,0,,0,0,,0.0,0.0,0,,False
vanessapr,,,,,2,8,1,4.0,1,730.5,0,0,0,2,10,JavaScript,1,2,J,0.0,0.5,0,1985.0,False
Marynes13,,,,,0,0,0,0.0,1,0.0,0,0,0,0,0,,0,0,,0.0,0.0,0,,False
dpalominop,,,,,3,22,5,7.333333333333333,1,1095.75,0,0,0,3,32,"C++, C",2,2,M,0.0,1.0,0,2564.0,False
GersonDesign,,,,,0,0,0,0.0,1,0.0,0,0,0,0,0,,0,0,,0.0,0.0,0,,False
joelmez4,,,,,0,0,0,0.0,1,0.0,0,0,0,0,0,,0,0,,0.0,0.0,0,,False
wigsdev,,,,,0,0,0,0.0,1,0.0,0,0,0,0,0,,0,0,,0.0,0.0,0,,False
davidprospero123,,,,,1,5,0,5.0,1,365.25,0,0,0,1,5,,0,1,R,0.0,0.0,0,622.0,False
jumanor,,,,,6,38,29,6.333333333333333,1,2191.5,0,0,0,4,96,"HTML, Java, Go",4,4,H,0.0,0.3333333333333333,0,165.0,False
ThaNohe,,,,,0,0,0,0.0,1,0.0,0,0,0,0,0,,0,0,,0.0,0.0,0,,False
AChangM,,,,,2,47,8,23.5,1,730.5,0,0,0,2,63,Jupyter Notebook,1,2,K,0.0,0.0,0,1296.0,False
gabiprds93,,,,,1,5,0,5.0,1,365.25,0,0,0,1,5,JavaScript,1,1,J,0.0,0.0,0,2144.0,False
ErizoMA,,,,,0,0,0,0.0,1,0.0,0,0,0,0,0,,0,0,,0.0,0.0,0,,False
soabel,,,,,0,0,0,0.0,1,0.0,0,0,0,0,0,,0,0,,0.0,0.0,0,,False
OnlyChristopher,,,,,0,0,0,0.0,1,0.0,0,0,0,0,0,,0,0,,0.0,0.0,0,,False
yohanaFalconi,,,,,0,0,0,0.0,1,0.0,0,0,0,0,0,,0,0,,0.0,0.0,0,,False
infantito,,,,,0,0,0,0.0,1,0.0,0,0,0,0,0,,0,0,,0.0,0.0,0,,False
PaulLuqueCcosi,,,,,0,0,0,0.0,1,0.0,0,0,0,0,0,,0,0,,0.0,0.0,0,,False
JairHuamanBellido,,,,,1,69,7,69.0,1,365.25,0,0,0,1,83,TypeScript,1,1,M,0.0,0.0,4,95.0,False
JaocHatter,,,,,0,0,0,0.0,1,0.0,0,0,0,0,0,,0,0,,0.0,0.0,0,,False
Keny4747,,,,,0,0,0,0.0,1,0.0,0,0,0,0,0,,0,0,,0.0,0.0,0,,False
CalmaInnovations,,,,,0,0,0,0.0,1,0.0,0,0,0,0,0,,0,0,,0.0,0.0,0,,False
ivanph1017,,,,,1,3,0,3.0,1,365.25,0,0,0,1,3,Kotlin,1,1,I,0.0,1.0,0,2299.0,False
itamaradin15,,,,,1,4,1,4.0,1,365.25,0,0,0,1,6,Vue,1,1,J,0.0,0.0,0,3123.0,False
carlosdtn,,,,,2,7,0,3.5,1,730.5,0,0,0,2,7,TypeScript,1,1,J,0.0,0.5,0,371.0,False
joskr2,,,,,0,0,0,0.0,1,0.0,0,0,0,0,0,,0,0,,0.0,0.0,0,,False
andreyanez,,,,,0,0,0,0.0,1,0.0,0,0,0,0,0,,0,0,,0.0,0.0,0,,False
urp-topicos-2025-2,,,,,0,0,0,0.0,1,0.0,0,0,0,0,0,,0,0,,0.0,0.0,0,,False
AnthonyTC89,,,,,4,15,2,3.75,1,1461.0,0,0,0,3,19,"Ruby, JavaScript",2,2,J,0.0,0.0,80,30.0,True
METAMAZON,,,,,0,0,0,0.0,1,0.0,0,0,0,0,0,,0,0,,0.0,0.0,0,,False
gnahc2305,,,,,0,0,0,0.0,1,0.0,0,0,0,0,0,,0,0,,0.0,0.0,0,,False
lab-humanidades-digitales-pucp,,,,,1,3,6,3.0,1,365.25,0,0,0,1,15,Jupyter Notebook,1,1,M,0.0,1.0,0,1227.0,False
theb4rt,,,,,1,28,0,28.0,1,365.25,0,0,0,1,28,Python,1,1,J,0.0,0.0,0,946.0,False
linointhecloud,,,,,0,0,0,0.0,1,0.0,0,0,0,0,0,,0,0,,0.0,0.0,0,,False
samuelbonifacio015,,,,,3,9,0,3.0,1,1095.75,0,0,0,3,9,"TypeScript, JavaScript, CSS",3,3,K,0.0,0.0,0,58.0,True
zeroark,,,,,0,0,0,0.0,1,0.0,0,0,0,0,0,,0,0,,0.0,0.0,0,,False
nemgf,,,,,0,0,0,0.0,1,0.0,0,0,0,0,0,,0,0,,0.0,0.0,0,,False
bluezin,,,,,0,0,0,0.0,1,0.0,0,0,0,0,0,,0,0,,0.0,0.0,0,,False
musajajorge,,,,,1,5,1,5.0,1,365.25,0,0,0,1,7,R,1,1,M,0.0,0.0,0,899.0,False
arkezam,,,,,1,7,0,7.0,1,365.25,0,0,0,1,7,Java,1,1,K,0.0,0.0,1,1110.0,False
juanchos2018,,,,,0,0,0,0.0,1,0.0,0,0,0,0,0,,0,0,,0.0,0.0,0,,False
gogodr,,,,,2,174,38,87.0,1,730.5,0,0,0,2,250,Python,1,2,R,0.0,0.5,4,1065.0,False
newiclus,,,,,0,0,0,0.0,1,0.0,0,0,0,0,0,,0,0,,0.0,0.0,0,,False
mtocommunity,,,,,1,3,4,3.0,1,365.25,0,0,0,1,11,Astro,1,1,S,0.0,1.0,0,42.0,True
Yelsy,,,,,0,0,0,0.0,1,0.0,0,0,0,0,0,,0,0,,0.0,0.0,0,,False
patriciact29,,,,,0,0,0,0.0,1,0.0,0,0,0,0,0,,0,0,,0.0,0.0,0,,False
irwingss,,,,,0,0,0,0.0,1,0.0,0,0,0,0,0,,0,0,,0.0,0.0,0,,False
entertechschool,,,,,1,7,0,7.0,1,365.25,0,0,0,1,7,HTML,1,1,P,0.0,0.0,0,720.0,False
RiyanPC,,,,,1,4,0,4.0,1,365.25,0,0,0,1,4,Blade,1,1,J,0.0,0.0,0,150.0,False
Lucas2k,,,,,0,0,0,0.0,1,0.0,0,0,0,0,0,,0,0,,0.0,0.0,0,,False
IgorRC,,,,,1,6,0,6.0,1,365.25,0,0,0,1,6,Java,1,1,G,0.0,0.0,0,129.0,False
LubeckHuaman,,,,,1,5,0,5.0,1,365.25,0,0,0,1,5,Python,1,1,J,0.0,0.0,0,347.0,False
fabriziofranco,,,,,0,0,0,0.0,1,0.0,0,0,0,0,0,,0,0,,0.0,0.0,0,,False
Pablituuu,,,,,1,230,59,230.0,1,365.25,0,0,0,1,348,TypeScript,1,1,R,0.0,0.0,1,408.0,False
urp-moviles-2025-2,,,,,0,0,0,0.0,1,0.0,0,0,0,0,0,,0,0,,0.0,0.0,0,,False
cmolinan,,,,,7,64,2,9.142857142857142,1,2556.75,0,0,0,5,68,"Ruby, JavaScript",2,4,K,0.0,0.14285714285714285,37,928.0,False
Edgarmejiav,,,,,0,0,0,0.0,1,0.0,0,0,0,0,0,,0,0,,0.0,0.0,0,,False
jahirmedinacs,,,,,0,0,0,0.0,1,0.0,0,0,0,0,0,,0,0,,0.0,0.0,0,,False
sigiandre,,,,,0,0,0,0.0,1,0.0,0,0,0,0,0,,0,0,,0.0,0.0,0,,False
CONOVATEC,,,,,0,0,0,0.0,1,0.0,0,0,0,0,0,,0,0,,0.0,0.0,0,,False
MeloDev2111,,,,,1,6,0,6.0,1,365.25,0,0,0,1,6,Java,1,1,R,0.0,0.0,0,1557.0,False
luiseduardoaugusto,,,,,0,0,0,0.0,1,0.0,0,0,0,0,0,,0,0,,0.0,0.0,0,,False
juvega,,,,,1,4,3,4.0,1,365.25,0,0,0,1,10,TSQL,1,1,G,0.0,1.0,0,1999.0,False
upc-pre-202301-si729-sw51,,,,,0,0,0,0.0,1,0.0,0,0,0,0,0,,0,0,,0.0,0.0,0,,False
pcsinreu,,,,,0,0,0,0.0,1,0.0,0,0,0,0,0,,0,0,,0.0,0.0,0,,False
lesashley,,,,,0,0,0,0.0,1,0.0,0,0,0,0,0,,0,0,,0.0,0.0,0,,False
jruegg,,,,,0,0,0,0.0,1,0.0,0,0,0,0,0,,0,0,,0.0,0.0,0,,False
moltengama,,,,,0,0,0,0.0,1,0.0,0,0,0,0,0,,0,0,,0.0,0.0,0,,False
pieromarini,,,,,2,24,3,12.0,1,730.5,0,0,0,2,30,"C++, JavaScript",2,1,R,0.0,0.5,0,235.0,False
BeltranHC,,,,,1,5,0,5.0,1,365.25,0,0,0,1,5,TypeScript,1,1,P,0.0,0.0,0,51.0,True
salozem,,,,,0,0,0,0.0,1,0.0,0,0,0,0,0,,0,0,,0.0,0.0,0,,False
brunogonzales,,,,,1,3,3,3.0,1,365.25,0,0,0,1,9,Vue,1,1,J,0.0,0.0,0,1406.0,False
JesusHuayhua,,,,,1,3,1,3.0,1,365.25,0,0,0,1,5,C++,1,1,P,0.0,0.0,0,617.0,False
gonzalo-droid,,,,,1,13,3,13.0,1,365.25,0,0,0,1,19,Kotlin,1,1,J,0.0,1.0,0,316.0,False
BrunoMont2003,,,,,0,0,0,0.0,1,0.0,0,0,0,0,0,,0,0,,0.0,0.0,0,,False
R0SEWT,,,,,0,0,0,0.0,1,0.0,0,0,0,0,0,,0,0,,0.0,0.0,0,,False
eswinpalacios,,,,,0,0,0,0.0,1,0.0,0,0,0,0,0,,0,0,,0.0,0.0,0,,False
lvidal1,,,,,0,0,0,0.0,1,0.0,0,0,0,0,0,,0,0,,0.0,0.0,0,,False
dabc312GitHub,,,,,0,0,0,0.0,1,0.0,0,0,0,0,0,,0,0,,0.0,0.0,0,,False
01Eddie,,,,,0,0,0,0.0,1,0.0,0,0,0,0,0,,0,0,,0.0,0.0,0,,False
lorena90davila,,,,,0,0,0,0.0,1,0.0,0,0,0,0,0,,0,0,,0.0,0.0,0,,False
oscargdi,,,,,1,7,2,7.0,1,365.25,0,0,0,1,11,Python,1,1,J,0.0,1.0,1,1760.0,False
IvanPerez-dev,,,,,1,17,5,17.0,1,365.25,0,0,0,1,27,Java,1,1,J,0.0,0.0,0,303.0,False
devpedroj,,,,,0,0,0,0.0,1,0.0,0,0,0,0,0,,0,0,,0.0,0.0,0,,False
albinagorta,,,,,0,0,0,0.0,1,0.0,0,0,0,0,0,,0,0,,0.0,0.0,0,,False
luisfarfan,,,,,0,0,0,0.0,1,0.0,0,0,0,0,0,,0,0,,0.0,0.0,0,,False
ItaloAranda,,,,,0,0,0,0.0,1,0.0,0,0,0,0,0,,0,0,,0.0,0.0,0,,False
Wusinho,,,,,1,3,0,3.0,1,365.25,0,0,0,1,3,Ruby,1,1,J,0.0,0.0,0,996.0,False
emiliusvgs,,,,,1,6,5,6.0,1,365.25,0,0,0,1,16,,0,1,R,0.0,0.0,0,2345.0,False
orbital23,,,,,0,0,0,0.0,1,0.0,0,0,0,0,0,,0,0,,0.0,0.0,0,,False
galfarotolon,,,,,0,0,0,0.0,1,0.0,0,0,0,0,0,,0,0,,0.0,0.0,0,,False
wilson0xb4,,,,,0,0,0,0.0,1,0.0,0,0,0,0,0,,0,0,,0.0,0.0,0,,False
cristhianLaurente,,,,,3,13,0,4.333333333333333,1,1095.75,0,0,0,3,13,"CSS, TypeScript",2,2,J,0.0,0.0,15,1147.0,False
kotlindebolsillo,,,,,0,0,0,0.0,1,0.0,0,0,0,0,0,,0,0,,0.0,0.0,0,,False
leoalipazaga,,,,,0,0,0,0.0,1,0.0,0,0,0,0,0,,0,0,,0.0,0.0,0,,False
williamscafdev,,,,,4,18,7,4.5,1,1461.0,0,0,0,3,32,"Dart, TypeScript, C++",3,2,J,0.0,0.0,0,315.0,False
rubyperu,,,,,1,24,15,24.0,1,365.25,0,0,0,1,54,CSS,1,1,J,0.0,0.0,3,591.0,False
davidbarraza,,,,,0,0,0,0.0,1,0.0,0,0,0,0,0,,0,0,,0.0,0.0,0,,False
izipay-dev,,,,,0,0,0,0.0,1,0.0,0,0,0,0,0,,0,0,,0.0,0.0,0,,False
dmotta,,,,,0,0,0,0.0,1,0.0,0,0,0,0,0,,0,0,,0.0,0.0,0,,False
SlayerPower,,,,,0,0,0,0.0,1,0.0,0,0,0,0,0,,0,0,,0.0,0.0,0,,False
adrianastef1425,,,,,0,0,0,0.0,1,0.0,0,0,0,0,0,,0,0,,0.0,0.0,0,,False
Angel-2002,,,,,0,0,0,0.0,1,0.0,0,0,0,0,0,,0,0,,0.0,0.0,0,,False
DreckSallow,,,,,0,0,0,0.0,1,0.0,0,0,0,0,0,,0,0,,0.0,0.0,0,,False
FrancisM16,,,,,0,0,0,0.0,1,0.0,0,0,0,0,0,,0,0,,0.0,0.0,0,,False
dev-nekko,,,,,0,0,0,0.0,1,0.0,0,0,0,0,0,,0,0,,0.0,0.0,0,,False
getavi,,,,,0,0,0,0.0,1,0.0,0,0,0,0,0,,0,0,,0.0,0.0,0,,False
MartinpcDev,,,,,0,0,0,0.0,1,0.0,0,0,0,0,0,,0,0,,0.0,0.0,0,,False
gvillena,,,,,0,0,0,0.0,1,0.0,0,0,0,0,0,,0,0,,0.0,0.0,0,,False
puntoenv,,,,,1,6,5,6.0,1,365.25,0,0,0,1,16,JavaScript,1,1,J,0.0,0.0,0,584.0,False
carmen0810,,,,,0,0,0,0.0,1,0.0,0,0,0,0,0,,0,0,,0.0,0.0,0,,False
lags2022,,,,,0,0,0,0.0,1,0.0,0,0,0,0,0,,0,0,,0.0,0.0,0,,False
alejo742,,,,,0,0,0,0.0,1,0.0,0,0,0,0,0,,0,0,,0.0,0.0,0,,False
eastor112,,,,,0,0,0,0.0,1,0.0,0,0,0,0,0,,0,0,,0.0,0.0,0,,False
piscosour,,,,,0,0,0,0.0,1,0.0,0,0,0,0,0,,0,0,,0.0,0.0,0,,False
dkevlas,,,,,0,0,0,0.0,1,0.0,0,0,0,0,0,,0,0,,0.0,0.0,0,,False
MarcOliva,,,,,0,0,0,0.0,1,0.0,0,0,0,0,0,,0,0,,0.0,0.0,0,,False
programadorescs,,,,,4,31,7,7.75,1,1461.0,0,0,0,3,45,Kotlin,1,1,J,0.0,0.0,0,650.0,False
Andre6-dev,,,,,0,0,0,0.0,1,0.0,0,0,0,0,0,,0,0,,0.0,0.0,0,,False
cucarach0n,,,,,2,13,23,6.5,1,730.5,0,0,0,2,59,"PHP, HTML",2,1,Q,0.0,0.0,1,3553.0,False
Julioocz,,,,,0,0,0,0.0,1,0.0,0,0,0,0,0,,0,0,,0.0,0.0,0,,False
bercode21,,,,,3,17,4,5.666666666666667,1,1095.75,0,0,0,3,25,HTML,1,2,I,0.0,0.0,0,945.0,False
Juank628,,,,,1,4,0,4.0,1,365.25,0,0,0,1,4,HTML,1,1,J,0.0,0.0,2,1214.0,False
Jonathan03R,,,,,1,5,2,5.0,1,365.25,0,0,0,1,9,JavaScript,1,1,J,0.0,0.0,9,95.0,False
hugobullont,,,,,0,0,0,0.0,1,0.0,0,0,0,0,0,,0,0,,0.0,0.0,0,,False
KeyvinSV,,,,,1,53,28,53.0,1,365.25,0,0,0,1,109,TeX,1,1,P,0.0,0.0,5,1199.0,False
SebasMBK,,,,,2,56,6,28.0,1,730.5,0,0,0,2,68,Python,1,2,G,0.0,0.5,0,1140.0,False
opando,,,,,0,0,0,0.0,1,0.0,0,0,0,0,0,,0,0,,0.0,0.0,0,,False
macostag,,,,,0,0,0,0.0,1,0.0,0,0,0,0,0,,0,0,,0.0,0.0,0,,False
cobyzero,,,,,0,0,0,0.0,1,0.0,0,0,0,0,0,,0,0,,0.0,0.0,0,,False
jedionmelbin,,,,,0,0,0,0.0,1,0.0,0,0,0,0,0,,0,0,,0.0,0.0,0,,False
yanicklandry,,,,,1,5,4,5.0,1,365.25,0,0,0,1,13,JavaScript,1,1,J,0.0,0.0,0,108.0,False
Juanca0312,,,,,0,0,0,0.0,1,0.0,0,0,0,0,0,,0,0,,0.0,0.0,0,,False
Dvex,,,,,1,8,7,8.0,1,365.25,0,0,0,1,22,PHP,1,1,J,0.0,1.0,0,5029.0,False
kenqefh,,,,,1,3,0,3.0,1,365.25,0,0,0,1,3,Ruby,1,1,J,0.0,0.0,0,1820.0,False
DeivyPereira,,,,,1,3,0,3.0,1,365.25,0,0,0,1,3,JavaScript,1,1,R,0.0,1.0,0,2012.0,False
maximopeoficiales,,,,,0,0,0,0.0,1,0.0,0,0,0,0,0,,0,0,,0.0,0.0,0,,False
miguel8arivera,,,,,0,0,0,0.0,1,0.0,0,0,0,0,0,,0,0,,0.0,0.0,0,,False
rpinedaec83,,,,,0,0,0,0.0,1,0.0,0,0,0,0,0,,0,0,,0.0,0.0,0,,False
anthony-rosado,,,,,0,0,0,0.0,1,0.0,0,0,0,0,0,,0,0,,0.0,0.0,0,,False
ilidanrock,,,,,0,0,0,0.0,1,0.0,0,0,0,0,0,,0,0,,0.0,0.0,0,,False
gabyrramos,,,,,0,0,0,0.0,1,0.0,0,0,0,0,0,,0,0,,0.0,0.0,0,,False
gyosida,,,,,1,3,0,3.0,1,365.25,0,0,0,1,3,Kotlin,1,1,J,0.0,0.0,0,326.0,False
Juandeyby,,,,,0,0,0,0.0,1,0.0,0,0,0,0,0,,0,0,,0.0,0.0,0,,False
iesussan,,,,,1,4,3,4.0,1,365.25,0,0,0,1,10,Shell,1,1,J,0.0,0.0,0,2717.0,False
raseconomics,,,,,0,0,0,0.0,1,0.0,0,0,0,0,0,,0,0,,0.0,0.0,0,,False
peteragurto,,,,,1,3,0,3.0,1,365.25,0,0,0,1,3,Kotlin,1,1,O,0.0,1.0,0,195.0,False
NONHUMAN-SITE,,,,,3,12,0,4.0,1,1095.75,0,0,0,3,12,"Python, Jupyter Notebook",2,1,M,0.0,0.0,3,4.0,True
ieeecsutp,,,,,1,3,0,3.0,1,365.25,0,0,0,1,3,JavaScript,1,1,J,0.0,0.0,0,142.0,False
juancotera,,,,,0,0,0,0.0,1,0.0,0,0,0,0,0,,0,0,,0.0,0.0,0,,False
dfigueroaw,,,,,1,3,0,3.0,1,365.25,0,0,0,1,3,,0,1,P,0.0,0.0,0,200.0,False
Artcs1,,,,,3,25,3,8.333333333333334,1,1095.75,0,0,0,3,31,"C++, Python, Jupyter Notebook",3,2,M,0.0,0.0,1,80.0,True
DwijanX,,,,,0,0,0,0.0,1,0.0,0,0,0,0,0,,0,0,,0.0,0.0,0,,False
AJ-Derteano,,,,,0,0,0,0.0,1,0.0,0,0,0,0,0,,0,0,,0.0,0.0,0,,False
Rogocita,,,,,0,0,0,0.0,1,0.0,0,0,0,0,0,,0,0,,0.0,0.0,0,,False
JoelPasapera,,,,,2,14,2,7.0,1,730.5,0,0,0,2,18,Python,1,1,K,0.0,1.0,0,100.0,False
pythonperu-org,,,,,0,0,0,0.0,1,0.0,0,0,0,0,0,,0,0,,0.0,0.0,0,,False
jubre,,,,,0,0,0,0.0,1,0.0,0,0,0,0,0,,0,0,,0.0,0.0,0,,False
jcpazos,,,,,1,4,2,4.0,1,365.25,0,0,0,1,8,C,1,1,J,0.0,0.0,1,1791.0,False
Carlos-Ballon,,,,,0,0,0,0.0,1,0.0,0,0,0,0,0,,0,0,,0.0,0.0,0,,False
GeraldineCh,,,,,0,0,0,0.0,1,0.0,0,0,0,0,0,,0,0,,0.0,0.0,0,,False
EluMadrid,,,,,0,0,0,0.0,1,0.0,0,0,0,0,0,,0,0,,0.0,0.0,0,,False
leoerick08,,,,,0,0,0,0.0,1,0.0,0,0,0,0,0,,0,0,,0.0,0.0,0,,False
danferkz,,,,,0,0,0,0.0,1,0.0,0,0,0,0,0,,0,0,,0.0,0.0,0,,False
idbi,,,,,1,3,0,3.0,1,365.25,0,0,0,1,3,TypeScript,1,1,J,0.0,0.0,0,614.0,False
YamilAyma,,,,,1,5,0,5.0,1,365.25,0,0,0,1,5,,0,1,J,0.0,1.0,0,12.0,True
ChoqueCastroLD,,,,,0,0,0,0.0,1,0.0,0,0,0,0,0,,0,0,,0.0,0.0,0,,False
dwebert,,,,,0,0,0,0.0,1,0.0,0,0,0,0,0,,0,0,,0.0,0.0,0,,False
Fredy,,,,,1,4,1,4.0,1,365.25,0,0,0,1,6,Python,1,1,Q,0.0,1.0,4,1514.0,False
jlzarates,,,,,0,0,0,0.0,1,0.0,0,0,0,0,0,,0,0,,0.0,0.0,0,,False
MartiusBr,,,,,0,0,0,0.0,1,0.0,0,0,0,0,0,,0,0,,0.0,0.0,0,,False
piercenovo,,,,,0,0,0,0.0,1,0.0,0,0,0,0,0,,0,0,,0.0,0.0,0,,False
MariaCristinaTC,,,,,0,0,0,0.0,1,0.0,0,0,0,0,0,,0,0,,0.0,0.0,0,,False
Alex23013,,,,,1,5,2,5.0,1,365.25,0,0,0,1,9,Python,1,1,M,0.0,0.0,0,198.0,False
luis-palomino,,,,,0,0,0,0.0,1,0.0,0,0,0,0,0,,0,0,,0.0,0.0,0,,False
EmPuiquin24,,,,,0,0,0,0.0,1,0.0,0,0,0,0,0,,0,0,,0.0,0.0,0,,False
PeruCoinOfficial,,,,,0,0,0,0.0,1,0.0,0,0,0,0,0,,0,0,,0.0,0.0,0,,False
maddog05,,,,,1,17,1,17.0,1,365.25,0,0,0,1,19,Kotlin,1,1,R,0.0,1.0,0,257.0,False
francisc0-PE,,,,,0,0,0,0.0,1,0.0,0,0,0,0,0,,0,0,,0.0,0.0,0,,False
protectasecurity,,,,,0,0,0,0.0,1,0.0,0,0,0,0,0,,0,0,,0.0,0.0,0,,False
sogeking-pixel,,,,,0,0,0,0.0,1,0.0,0,0,0,0,0,,0,0,,0.0,0.0,0,,False
oliveraluis11,,,,,0,0,0,0.0,1,0.0,0,0,0,0,0,,0,0,,0.0,0.0,0,,False
rhuangal,,,,,0,0,0,0.0,1,0.0,0,0,0,0,0,,0,0,,0.0,0.0,0,,False
OmerJuve2023,,,,,0,0,0,0.0,1,0.0,0,0,0,0,0,,0,0,,0.0,0.0,0,,False
EGL9,,,,,1,5,1,5.0,1,365.25,0,0,0,1,7,,0,1,J,0.0,0.0,1,929.0,False
MichaelSuarez0,,,,,1,3,2,3.0,1,365.25,0,0,0,1,7,Python,1,1,O,0.0,1.0,10,60.0,True
geckolml,,,,,0,0,0,0.0,1,0.0,0,0,0,0,0,,0,0,,0.0,0.0,0,,False
yeffreydev,,,,,0,0,0,0.0,1,0.0,0,0,0,0,0,,0,0,,0.0,0.0,0,,False
Mauricio-17,,,,,0,0,0,0.0,1,0.0,0,0,0,0,0,,0,0,,0.0,0.0,0,,False
REYNALDOz,,,,,0,0,0,0.0,1,0.0,0,0,0,0,0,,0,0,,0.0,0.0,0,,False
Kimiberry64,,,,,1,3,1,3.0,1,365.25,0,0,0,1,5,C,1,1,R,0.0,1.0,0,162.0,False
DigitalFactoryTalma,,,,,0,0,0,0.0,1,0.0,0,0,0,0,0,,0,0,,0.0,0.0,0,,False
manuxo,,,,,0,0,0,0.0,1,0.0,0,0,0,0,0,,0,0,,0.0,0.0,0,,False
crehds,,,,,0,0,0,0.0,1,0.0,0,0,0,0,0,,0,0,,0.0,0.0,0,,False
alexfalconflores,,,,,1,4,0,4.0,1,365.25,0,0,0,1,4,,0,1,J,0.0,0.0,3,36.0,True
JHS-Sama24,,,,,0,0,0,0.0,1,0.0,0,0,0,0,0,,0,0,,0.0,0.0,0,,False
Oreramirez,,,,,0,0,0,0.0,1,0.0,0,0,0,0,0,,0,0,,0.0,0.0,0,,False
jramosmasgo,,,,,0,0,0,0.0,1,0.0,0,0,0,0,0,,0,0,,0.0,0.0,0,,False
hadenlabs,,,,,0,0,0,0.0,1,0.0,0,0,0,0,0,,0,0,,0.0,0.0,0,,False
viasoluciones,,,,,0,0,0,0.0,1,0.0,0,0,0,0,0,,0,0,,0.0,0.0,0,,False
neuropucp,,,,,0,0,0,0.0,1,0.0,0,0,0,0,0,,0,0,,0.0,0.0,0,,False
jluisdeveloper,,,,,0,0,0,0.0,1,0.0,0,0,0,0,0,,0,0,,0.0,0.0,0,,False
jegj,,,,,3,22,1,7.333333333333333,1,1095.75,0,0,0,3,24,"JavaScript, Shell",2,1,J,0.0,0.6666666666666666,5,6.0,True
manwwe,,,,,2,10,1,5.0,1,730.5,0,0,0,2,12,Python,1,2,H,0.0,1.0,1,40.0,True
JMitac,,,,,0,0,0,0.0,1,0.0,0,0,0,0,0,,0,0,,0.0,0.0,0,,False
Javiercerna,,,,,0,0,0,0.0,1,0.0,0,0,0,0,0,,0,0,,0.0,0.0,0,,False
yulissateran,,,,,0,0,0,0.0,1,0.0,0,0,0,0,0,,0,0,,0.0,0.0,0,,False
tineo,,,,,0,0,0,0.0,1,0.0,0,0,0,0,0,,0,0,,0.0,0.0,0,,False
jclema,,,,,0,0,0,0.0,1,0.0,0,0,0,0,0,,0,0,,0.0,0.0,0,,False
mlaricobar,,,,,1,6,2,6.0,1,365.25,0,0,0,1,10,Jupyter Notebook,1,1,M,0.0,1.0,0,1952.0,False
danielmunoz,,,,,0,0,0,0.0,1,0.0,0,0,0,0,0,,0,0,,0.0,0.0,0,,False
Vennus,,,,,0,0,0,0.0,1,0.0,0,0,0,0,0,,0,0,,0.0,0.0,0,,False
kaspydev,,,,,0,0,0,0.0,1,0.0,0,0,0,0,0,,0,0,,0.0,0.0,0,,False
dalbitresb12,,,,,0,0,0,0.0,1,0.0,0,0,0,0,0,,0,0,,0.0,0.0,0,,False
IBearSmile2319,,,,,0,0,0,0.0,1,0.0,0,0,0,0,0,,0,0,,0.0,0.0,0,,False
kenyoJoel903,,,,,0,0,0,0.0,1,0.0,0,0,0,0,0,,0,0,,0.0,0.0,0,,False
yupanquiah,,,,,3,19,1,6.333333333333333,1,1095.75,0,0,0,3,21,"Astro, Shell",2,2,J,0.0,0.6666666666666666,1,56.0,True
manuepeva,,,,,0,0,0,0.0,1,0.0,0,0,0,0,0,,0,0,,0.0,0.0,0,,False
danielh27,,,,,0,0,0,0.0,1,0.0,0,0,0,0,0,,0,0,,0.0,0.0,0,,False
AndreaChumioque,,,,,0,0,0,0.0,1,0.0,0,0,0,0,0,,0,0,,0.0,0.0,0,,False
tecncr,,,,,1,4,0,4.0,1,365.25,0,0,0,1,4,Go,1,1,J,0.0,1.0,0,143.0,False
nttdata-microservice,,,,,0,0,0,0.0,1,0.0,0,0,0,0,0,,0,0,,0.0,0.0,0,,False
franmanic2,,,,,0,0,0,0.0,1,0.0,0,0,0,0,0,,0,0,,0.0,0.0,0,,False
AngeloContrera5,,,,,0,0,0,0.0,1,0.0,0,0,0,0,0,,0,0,,0.0,0.0,0,,False
luiqs,,,,,1,6,8,6.0,1,365.25,0,0,0,1,22,HTML,1,1,P,0.0,0.0,0,895.0,False
ALauraOliva,,,,,1,3,0,3.0,1,365.25,0,0,0,1,3,TypeScript,1,1,R,0.0,0.0,0,733.0,False
Alvarden15,,,,,0,0,0,0.0,1,0.0,0,0,0,0,0,,0,0,,0.0,0.0,0,,False
hablutzel1,,,,,0,0,0,0.0,1,0.0,0,0,0,0,0,,0,0,,0.0,0.0,0,,False
rogelioolarte,,,,,1,10,5,10.0,1,365.25,0,0,0,1,20,Java,1,1,J,0.0,1.0,1,7.0,True
mirkorodriguez,,,,,1,18,15,18.0,1,365.25,0,0,0,1,48,HTML,1,1,J,0.0,0.0,0,2526.0,False
pacifi,,,,,0,0,0,0.0,1,0.0,0,0,0,0,0,,0,0,,0.0,0.0,0,,False
Llamacha,,,,,5,31,7,6.2,1,1826.25,0,0,0,4,45,"JavaScript, Jupyter Notebook",2,3,P,0.0,0.6,0,326.0,False
IrwinBravoOporto,,,,,0,0,0,0.0,1,0.0,0,0,0,0,0,,0,0,,0.0,0.0,0,,False
arigroup,,,,,0,0,0,0.0,1,0.0,0,0,0,0,0,,0,0,,0.0,0.0,0,,False
chrockny,,,,,0,0,0,0.0,1,0.0,0,0,0,0,0,,0,0,,0.0,0.0,0,,False
rivacortez,,,,,0,0,0,0.0,1,0.0,0,0,0,0,0,,0,0,,0.0,0.0,0,,False
CarloCorralesD,,,,,0,0,0,0.0,1,0.0,0,0,0,0,0,,0,0,,0.0,0.0,0,,False
heraldofortuna,,,,,0,0,0,0.0,1,0.0,0,0,0,0,0,,0,0,,0.0,0.0,0,,False
albertoescala,,,,,0,0,0,0.0,1,0.0,0,0,0,0,0,,0,0,,0.0,0.0,0,,False
urp-moviles-2024-2,,,,,0,0,0,0.0,1,0.0,0,0,0,0,0,,0,0,,0.0,0.0,0,,False
frank-chaparro,,,,,0,0,0,0.0,1,0.0,0,0,0,0,0,,0,0,,0.0,0.0,0,,False
LinoCruz,,,,,0,0,0,0.0,1,0.0,0,0,0,0,0,,0,0,,0.0,0.0,0,,False
upc-pre-202402-si729-sw54,,,,,0,0,0,0.0,1,0.0,0,0,0,0,0,,0,0,,0.0,0.0,0,,False
dvolkow,,,,,0,0,0,0.0,1,0.0,0,0,0,0,0,,0,0,,0.0,0.0,0,,False
Calla-Ji,,,,,0,0,0,0.0,1,0.0,0,0,0,0,0,,0,0,,0.0,0.0,0,,False
Pupixo,,,,,0,0,0,0.0,1,0.0,0,0,0,0,0,,0,0,,0.0,0.0,0,,False
plasenca-d,,,,,2,6,0,3.0,1,730.5,0,0,0,2,6,TypeScript,1,1,J,0.0,0.5,0,36.0,True
AngelgarciaJ,,,,,0,0,0,0.0,1,0.0,0,0,0,0,0,,0,0,,0.0,0.0,0,,False
FPALMAG,,,,,0,0,0,0.0,1,0.0,0,0,0,0,0,,0,0,,0.0,0.0,0,,False
jose-g,,,,,1,4,2,4.0,1,365.25,0,0,0,1,8,Pascal,1,1,A,0.0,0.0,0,4272.0,False
Uguimar-Platform,,,,,0,0,0,0.0,1,0.0,0,0,0,0,0,,0,0,,0.0,0.0,0,,False
Rmg91,,,,,0,0,0,0.0,1,0.0,0,0,0,0,0,,0,0,,0.0,0.0,0,,False
XantX,,,,,0,0,0,0.0,1,0.0,0,0,0,0,0,,0,0,,0.0,0.0,0,,False
DavLiendoProgramming,,,,,0,0,0,0.0,1,0.0,0,0,0,0,0,,0,0,,0.0,0.0,0,,False
jorgechavez6816,,,,,3,9,3,3.0,1,1095.75,0,0,0,3,15,"Jupyter Notebook, Inno Setup",2,3,M,0.0,0.0,0,2072.0,False
SharonBarrial,,,,,0,0,0,0.0,1,0.0,0,0,0,0,0,,0,0,,0.0,0.0,0,,False
napsterh,,,,,0,0,0,0.0,1,0.0,0,0,0,0,0,,0,0,,0.0,0.0,0,,False
ShoLee01,,,,,0,0,0,0.0,1,0.0,0,0,0,0,0,,0,0,,0.0,0.0,0,,False
thsergitox,,,,,0,0,0,0.0,1,0.0,0,0,0,0,0,,0,0,,0.0,0.0,0,,False
EconThaki,,,,,0,0,0,0.0,1,0.0,0,0,0,0,0,,0,0,,0.0,0.0,0,,False
cristianpalomino,,,,,1,5,3,5.0,1,365.25,0,0,0,1,11,Swift,1,1,J,0.0,0.0,13,404.0,False
TheVeller,,,,,0,0,0,0.0,1,0.0,0,0,0,0,0,,0,0,,0.0,0.0,0,,False
jtavara23,,,,,0,0,0,0.0,1,0.0,0,0,0,0,0,,0,0,,0.0,0.0,0,,False
IDS-Latam-SAC,,,,,0,0,0,0.0,1,0.0,0,0,0,0,0,,0,0,,0.0,0.0,0,,False
Kazeia,,,,,0,0,0,0.0,1,0.0,0,0,0,0,0,,0,0,,0.0,0.0,0,,False
jhosmar26,,,,,0,0,0,0.0,1,0.0,0,0,0,0,0,,0,0,,0.0,0.0,0,,False
jozzdev,,,,,0,0,0,0.0,1,0.0,0,0,0,0,0,,0,0,,0.0,0.0,0,,False
nixonmorillo,,,,,0,0,0,0.0,1,0.0,0,0,0,0,0,,0,0,,0.0,0.0,0,,False
Xavipalomino47,,,,,0,0,0,0.0,1,0.0,0,0,0,0,0,,0,0,,0.0,0.0,0,,False
MarycieloParionaBernaola,,,,,1,3,1,3.0,1,365.25,0,0,0,1,5,JavaScript,1,1,R,0.0,0.0,0,2012.0,False
pr1407,,,,,0,0,0,0.0,1,0.0,0,0,0,0,0,,0,0,,0.0,0.0,0,,False
victor-huallpa,,,,,0,0,0,0.0,1,0.0,0,0,0,0,0,,0,0,,0.0,0.0,0,,False
Kumma30mvp,,,,,0,0,0,0.0,1,0.0,0,0,0,0,0,,0,0,,0.0,0.0,0,,False
carlosenciso,,,,,0,0,0,0.0,1,0.0,0,0,0,0,0,,0,0,,0.0,0.0,0,,False
Franco-Sanchez,,,,,0,0,0,0.0,1,0.0,0,0,0,0,0,,0,0,,0.0,0.0,0,,False
kryjex,,,,,0,0,0,0.0,1,0.0,0,0,0,0,0,,0,0,,0.0,0.0,0,,False
juanmdpc,,,,,0,0,0,0.0,1,0.0,0,0,0,0,0,,0,0,,0.0,0.0,0,,False
edwinsaavedran,,,,,0,0,0,0.0,1,0.0,0,0,0,0,0,,0,0,,0.0,0.0,0,,False
urp-moviles-2023-2,,,,,0,0,0,0.0,1,0.0,0,0,0,0,0,,0,0,,0.0,0.0,0,,False
mramirezs,,,,,0,0,0,0.0,1,0.0,0,0,0,0,0,,0,0,,0.0,0.0,0,,False
MiguDeveloper,,,,,0,0,0,0.0,1,0.0,0,0,0,0,0,,0,0,,0.0,0.0,0,,False
leaduni,,,,,0,0,0,0.0,1,0.0,0,0,0,0,0,,0,0,,0.0,0.0,0,,False
NicolasCombe5555,,,,,0,0,0,0.0,1,0.0,0,0,0,0,0,,0,0,,0.0,0.0,0,,False
plexoapp,,,,,0,0,0,0.0,1,0.0,0,0,0,0,0,,0,0,,0.0,0.0,0,,False
cmeza20,,,,,3,118,52,39.333333333333336,1,1095.75,0,0,0,3,222,Java,1,1,J,0.0,1.0,4,30.0,True
necritos,,,,,0,0,0,0.0,1,0.0,0,0,0,0,0,,0,0,,0.0,0.0,0,,False
Luis-Roldan,,,,,0,0,0,0.0,1,0.0,0,0,0,0,0,,0,0,,0.0,0.0,0,,False
mcholy,,,,,0,0,0,0.0,1,0.0,0,0,0,0,0,,0,0,,0.0,0.0,0,,False
urp-moviles-2024-1,,,,,0,0,0,0.0,1,0.0,0,0,0,0,0,,0,0,,0.0,0.0,0,,False
dporrascordova,,,,,0,0,0,0.0,1,0.0,0,0,0,0,0,,0,0,,0.0,0.0,0,,False
MichaelEncalada,,,,,0,0,0,0.0,1,0.0,0,0,0,0,0,,0,0,,0.0,0.0,0,,False
hernanspc,,,,,0,0,0,0.0,1,0.0,0,0,0,0,0,,0,0,,0.0,0.0,0,,False
andreewD,,,,,0,0,0,0.0,1,0.0,0,0,0,0,0,,0,0,,0.0,0.0,0,,False
Vercris,,,,,0,0,0,0.0,1,0.0,0,0,0,0,0,,0,0,,0.0,0.0,0,,False
soad241,,,,,13,87,12,6.6923076923076925,1,4748.25,0,0,0,7,111,"Python, JavaScript",2,2,J,0.0,0.7692307692307693,0,4697.0,False
anadurand,,,,,0,0,0,0.0,1,0.0,0,0,0,0,0,,0,0,,0.0,0.0,0,,False
AbelVasquezYuto,,,,,1,3,0,3.0,1,365.25,0,0,0,1,3,Java,1,1,J,0.0,0.0,1,3101.0,False
juandiego9221,,,,,0,0,0,0.0,1,0.0,0,0,0,0,0,,0,0,,0.0,0.0,0,,False
prikido,,,,,0,0,0,0.0,1,0.0,0,0,0,0,0,,0,0,,0.0,0.0,0,,False
oscarmendezzavaleta,,,,,0,0,0,0.0,1,0.0,0,0,0,0,0,,0,0,,0.0,0.0,0,,False
ElGamerNovato,,,,,0,0,0,0.0,1,0.0,0,0,0,0,0,,0,0,,0.0,0.0,0,,False
vertkle,,,,,0,0,0,0.0,1,0.0,0,0,0,0,0,,0,0,,0.0,0.0,0,,False
kellerkatlin,,,,,0,0,0,0.0,1,0.0,0,0,0,0,0,,0,0,,0.0,0.0,0,,False
neotrons,,,,,0,0,0,0.0,1,0.0,0,0,0,0,0,,0,0,,0.0,0.0,0,,False
Maginobion,,,,,0,0,0,0.0,1,0.0,0,0,0,0,0,,0,0,,0.0,0.0,0,,False
xiayudev,,,,,0,0,0,0.0,1,0.0,0,0,0,0,0,,0,0,,0.0,0.0,0,,False
grovertb,,,,,0,0,0,0.0,1,0.0,0,0,0,0,0,,0,0,,0.0,0.0,0,,False
luisaaznaran,,,,,0,0,0,0.0,1,0.0,0,0,0,0,0,,0,0,,0.0,0.0,0,,False
czegarram,,,,,0,0,0,0.0,1,0.0,0,0,0,0,0,,0,0,,0.0,0.0,0,,False
dev-jromero,,,,,0,0,0,0.0,1,0.0,0,0,0,0,0,,0,0,,0.0,0.0,0,,False
robertcharca,,,,,1,4,0,4.0,1,365.25,0,0,0,1,4,Python,1,1,J,0.0,0.0,0,1204.0,False
juanpablohp33,,,,,0,0,0,0.0,1,0.0,0,0,0,0,0,,0,0,,0.0,0.0,0,,False
AotinianoZ,,,,,3,13,1,4.333333333333333,1,1095.75,0,0,0,3,15,"HTML, Jupyter Notebook",2,2,B,0.0,1.0,0,230.0,False
CesarAHN,,,,,0,0,0,0.0,1,0.0,0,0,0,0,0,,0,0,,0.0,0.0,0,,False
dajzegarraf,,,,,0,0,0,0.0,1,0.0,0,0,0,0,0,,0,0,,0.0,0.0,0,,False
gianpaul,,,,,0,0,0,0.0,1,0.0,0,0,0,0,0,,0,0,,0.0,0.0,0,,False
sebaminaya0,,,,,0,0,0,0.0,1,0.0,0,0,0,0,0,,0,0,,0.0,0.0,0,,False
jesus1811,,,,,0,0,0,0.0,1,0.0,0,0,0,0,0,,0,0,,0.0,0.0,0,,False
mysofterlabs,,,,,0,0,0,0.0,1,0.0,0,0,0,0,0,,0,0,,0.0,0.0,0,,False
PatricRc,,,,,0,0,0,0.0,1,0.0,0,0,0,0,0,,0,0,,0.0,0.0,0,,False
pollitoconpapass,,,,,0,0,0,0.0,1,0.0,0,0,0,0,0,,0,0,,0.0,0.0,0,,False
jhon2301922021,,,,,0,0,0,0.0,1,0.0,0,0,0,0,0,,0,0,,0.0,0.0,0,,False
walteralv,,,,,0,0,0,0.0,1,0.0,0,0,0,0,0,,0,0,,0.0,0.0,0,,False
paulocrr,,,,,0,0,0,0.0,1,0.0,0,0,0,0,0,,0,0,,0.0,0.0,0,,False
luissardon,,,,,2,7,0,3.5,1,730.5,0,0,0,2,7,"TypeScript, JavaScript",2,1,J,0.0,1.0,9,1166.0,False
yasielpv,,,,,1,4,2,4.0,1,365.25,0,0,0,1,8,Smarty,1,1,J,0.0,0.0,2,1615.0,False
franciscopantojag,,,,,1,4,8,4.0,1,365.25,0,0,0,1,20,JavaScript,1,1,J,0.0,0.0,0,874.0,False
tineojf,,,,,0,0,0,0.0,1,0.0,0,0,0,0,0,,0,0,,0.0,0.0,0,,False
cruzdiego,,,,,2,166,22,83.0,1,730.5,0,0,0,2,210,Swift,1,1,J,0.0,1.0,8,2161.0,False
CesarYnga,,,,,0,0,0,0.0,1,0.0,0,0,0,0,0,,0,0,,0.0,0.0,0,,False
haba-sensei,,,,,0,0,0,0.0,1,0.0,0,0,0,0,0,,0,0,,0.0,0.0,0,,False
enriquemoralesvite,,,,,0,0,0,0.0,1,0.0,0,0,0,0,0,,0,0,,0.0,0.0,0,,False
danielatp,,,,,0,0,0,0.0,1,0.0,0,0,0,0,0,,0,0,,0.0,0.0,0,,False
Gabrieltec123,,,,,2,16,4,8.0,1,730.5,0,0,0,2,24,JavaScript,1,1,J,0.0,0.5,1,1086.0,False
eduardomacetas,,,,,0,0,0,0.0,1,0.0,0,0,0,0,0,,0,0,,0.0,0.0,0,,False
SalvadorHilares,,,,,0,0,0,0.0,1,0.0,0,0,0,0,0,,0,0,,0.0,0.0,0,,False
luuzuriaga,,,,,0,0,0,0.0,1,0.0,0,0,0,0,0,,0,0,,0.0,0.0,0,,False
ch3557er,,,,,0,0,0,0.0,1,0.0,0,0,0,0,0,,0,0,,0.0,0.0,0,,False
edtorrespe,,,,,0,0,0,0.0,1,0.0,0,0,0,0,0,,0,0,,0.0,0.0,0,,False
leexpucp,,,,,0,0,0,0.0,1,0.0,0,0,0,0,0,,0,0,,0.0,0.0,0,,False
zi2p,,,,,0,0,0,0.0,1,0.0,0,0,0,0,0,,0,0,,0.0,0.0,0,,False
JuanMansilla,,,,,0,0,0,0.0,1,0.0,0,0,0,0,0,,0,0,,0.0,0.0,0,,False
IsmaelMasharo,,,,,1,3,0,3.0,1,365.25,0,0,0,1,3,Jupyter Notebook,1,1,G,0.0,0.0,0,1177.0,False
joseschmidt,,,,,0,0,0,0.0,1,0.0,0,0,0,0,0,,0,0,,0.0,0.0,0,,False
Elloisa,,,,,0,0,0,0.0,1,0.0,0,0,0,0,0,,0,0,,0.0,0.0,0,,False
Aftorres02,,,,,0,0,0,0.0,1,0.0,0,0,0,0,0,,0,0,,0.0,0.0,0,,False
davemaster,,,,,1,6,1,6.0,1,365.25,0,0,0,1,8,C++,1,1,A,0.0,1.0,0,1633.0,False
upc-pre-202201-si653-wx51,,,,,0,0,0,0.0,1,0.0,0,0,0,0,0,,0,0,,0.0,0.0,0,,False
felipeturing,,,,,1,3,0,3.0,1,365.25,0,0,0,1,3,C++,1,1,M,0.0,1.0,0,1626.0,False
stevematos,,,,,0,0,0,0.0,1,0.0,0,0,0,0,0,,0,0,,0.0,0.0,0,,False
Ariandel007,,,,,0,0,0,0.0,1,0.0,0,0,0,0,0,,0,0,,0.0,0.0,0,,False
seethersan,,,,,0,0,0,0.0,1,0.0,0,0,0,0,0,,0,0,,0.0,0.0,0,,False
onilsalvador,,,,,1,4,1,4.0,1,365.25,0,0,0,1,6,Haxe,1,1,R,0.0,1.0,0,1530.0,False
Jroa,,,,,0,0,0,0.0,1,0.0,0,0,0,0,0,,0,0,,0.0,0.0,0,,False
prossir,,,,,0,0,0,0.0,1,0.0,0,0,0,0,0,,0,0,,0.0,0.0,0,,False
madrazo,,,,,2,9,0,4.5,1,730.5,0,0,0,2,9,Haxe,1,2,R,0.0,1.0,6,2187.0,False
JeanGut,,,,,0,0,0,0.0,1,0.0,0,0,0,0,0,,0,0,,0.0,0.0,0,,False
lilab-hub,,,,,0,0,0,0.0,1,0.0,0,0,0,0,0,,0,0,,0.0,0.0,0,,False
ytachi0026,,,,,0,0,0,0.0,1,0.0,0,0,0,0,0,,0,0,,0.0,0.0,0,,False
joseeantonior,,,,,0,0,0,0.0,1,0.0,0,0,0,0,0,,0,0,,0.0,0.0,0,,False
globaltpa,,,,,0,0,0,0.0,1,0.0,0,0,0,0,0,,0,0,,0.0,0.0,0,,False
